gbifID	datasetKey	occurrenceID	kingdom	phylum	class	order	family	genus	species	infraspecificEpithet	taxonRank	scientificName	verbatimScientificName	verbatimScientificNameAuthorship	countryCode	locality	stateProvince	occurrenceStatus	individualCount	publishingOrgKey	decimalLatitude	decimalLongitude	coordinateUncertaintyInMeters	coordinatePrecision	elevation	elevationAccuracy	depth	depthAccuracy	eventDate	day	month	year	taxonKey	speciesKey	basisOfRecord	institutionCode	collectionCode	catalogNumber	recordNumber	identifiedBy	dateIdentified	license	rightsHolder	recordedBy	typeStatus	establishmentMeans	lastInterpreted	mediaType	issue
3802345626	50c9509d-22c7-4a22-a47d-8c48425ef4a7	https://www.inaturalist.org/observations/118217001	Animalia	Chordata	Mammalia	Carnivora	Felidae	Panthera	Panthera onca		SPECIES	Panthera onca (Linnaeus, 1758)	Panthera onca		CR		Guanacaste	PRESENT		28eb1a3f-1c15-4a95-931a-4af90ecb574d	11.02931	-85.592733	31158.0						2022-05-22T08:00:00	22	5	2022	5219426	5219426	HUMAN_OBSERVATION	iNaturalist	Observations	118217001		Michelle Monge-Velazquez	2022-05-22T16:57:41	CC_BY_4_0	Michelle Monge-Velazquez	Michelle Monge-Velazquez			2022-06-03T11:54:39.742Z	StillImage	COORDINATE_ROUNDED
3772653488	50c9509d-22c7-4a22-a47d-8c48425ef4a7	https://www.inaturalist.org/observations/107157336	Animalia	Chordata	Mammalia	Carnivora	Felidae	Leopardus	Leopardus tigrinus		SPECIES	Leopardus tigrinus (Schreber, 1775)	Leopardus tigrinus		CR		Alajuela	PRESENT		28eb1a3f-1c15-4a95-931a-4af90ecb574d	10.126253	-84.323073	31208.0						2022-02-13T00:00:00	13	2	2022	2434930	2434930	HUMAN_OBSERVATION	iNaturalist	Observations	107157336		Jaime Marcelo Aranda Sánchez	2022-02-23T00:03:34	CC_BY_NC_4_0	Jean Carlo Barrantes Rodríguez	Jean Carlo Barrantes Rodríguez			2022-06-03T11:32:01.736Z	StillImage	COORDINATE_ROUNDED
3772567637	50c9509d-22c7-4a22-a47d-8c48425ef4a7	https://www.inaturalist.org/observations/115602065	Animalia	Chordata	Mammalia	Carnivora	Felidae	Puma	Puma yagouaroundi		SPECIES	Herpailurus yagouaroundi (É.Geoffroy Saint-Hilaire, 1803)	Herpailurus yagouaroundi		CR		Guanacaste	PRESENT		28eb1a3f-1c15-4a95-931a-4af90ecb574d	10.663596	-85.472067	184.0						2022-05-04T12:08:16	4	5	2022	5787224	2435146	HUMAN_OBSERVATION	iNaturalist	Observations	115602065		Jairo Moya Vargas	2022-05-06T04:48:35	CC_BY_NC_4_0	Jairo Moya Vargas	Jairo Moya Vargas			2022-06-03T11:54:45.775Z	StillImage	COORDINATE_ROUNDED
3764373139	50c9509d-22c7-4a22-a47d-8c48425ef4a7	https://www.inaturalist.org/observations/113055693	Animalia	Chordata	Mammalia	Carnivora	Felidae	Puma	Puma concolor		SPECIES	Puma concolor (Linnaeus, 1771)	Puma concolor		CR		Puntarenas	PRESENT		28eb1a3f-1c15-4a95-931a-4af90ecb574d	8.458845	-83.587044							2022-04-08T17:13:22	8	4	2022	2435099	2435099	HUMAN_OBSERVATION	iNaturalist	Observations	113055693		Michal Sloviak	2022-04-27T05:05:56	CC_BY_NC_4_0	penguinroad	penguinroad			2022-06-03T11:18:20.896Z	StillImage	COORDINATE_ROUNDED
3764365736	50c9509d-22c7-4a22-a47d-8c48425ef4a7	https://www.inaturalist.org/observations/112627956	Animalia	Chordata	Mammalia	Carnivora	Felidae	Puma	Puma concolor		SPECIES	Puma concolor (Linnaeus, 1771)	Puma concolor		CR		Puntarenas	PRESENT		28eb1a3f-1c15-4a95-931a-4af90ecb574d	8.458567	-83.587722	5.0						2022-04-22T08:37:10	22	4	2022	2435099	2435099	HUMAN_OBSERVATION	iNaturalist	Observations	112627956		Michele Chiacchio	2022-04-24T09:41:08	CC_BY_NC_4_0	jackpete1	jackpete1			2022-06-03T11:33:45.204Z	StillImage	COORDINATE_ROUNDED
3760110340	50c9509d-22c7-4a22-a47d-8c48425ef4a7	https://www.inaturalist.org/observations/111856847	Animalia	Chordata	Mammalia	Carnivora	Felidae	Puma	Puma yagouaroundi		SPECIES	Herpailurus yagouaroundi (É.Geoffroy Saint-Hilaire, 1803)	Herpailurus yagouaroundi		CR		Puntarenas	PRESENT		28eb1a3f-1c15-4a95-931a-4af90ecb574d	9.303332	-83.860776	55.0						2021-01-06T13:17:56	6	1	2021	5787224	2435146	HUMAN_OBSERVATION	iNaturalist	Observations	111856847		drewdavis74	2022-04-17T23:33:26	CC_BY_NC_4_0	drewdavis74	drewdavis74			2022-06-03T11:31:38.536Z	StillImage	COORDINATE_ROUNDED
3760036716	50c9509d-22c7-4a22-a47d-8c48425ef4a7	https://www.inaturalist.org/observations/111254554	Animalia	Chordata	Mammalia	Carnivora	Felidae	Panthera	Panthera onca		SPECIES	Panthera onca (Linnaeus, 1758)	Panthera onca		CR		Limón	PRESENT		28eb1a3f-1c15-4a95-931a-4af90ecb574d	10.59766	-83.528661	31189.0						2022-04-12T07:13:13	12	4	2022	5219426	5219426	HUMAN_OBSERVATION	iNaturalist	Observations	111254554		Jonas Konicek	2022-04-12T23:11:44	CC_BY_NC_4_0	Jonas Konicek	Jonas Konicek			2022-06-03T11:36:57.706Z	StillImage	COORDINATE_ROUNDED
3705522531	50c9509d-22c7-4a22-a47d-8c48425ef4a7	https://www.inaturalist.org/observations/107420147	Animalia	Chordata	Mammalia	Carnivora	Felidae	Leopardus	Leopardus pardalis		SPECIES	Leopardus pardalis (Linnaeus, 1758)	Leopardus pardalis		CR		Alajuela	PRESENT		28eb1a3f-1c15-4a95-931a-4af90ecb574d	10.439739	-84.708005	15.0						2022-02-24T04:04:00	24	2	2022	2434982	2434982	HUMAN_OBSERVATION	iNaturalist	Observations	107420147		Jaime Marcelo Aranda Sánchez	2022-02-25T17:03:14	CC_BY_NC_4_0	Nick Tepper	Nick Tepper			2022-06-03T11:18:46.292Z	StillImage	COORDINATE_ROUNDED
3499499116	50c9509d-22c7-4a22-a47d-8c48425ef4a7	https://www.inaturalist.org/observations/106787139	Animalia	Chordata	Mammalia	Carnivora	Felidae	Panthera	Panthera onca		SPECIES	Panthera onca (Linnaeus, 1758)	Panthera onca		CR		Guanacaste	PRESENT		28eb1a3f-1c15-4a95-931a-4af90ecb574d	10.865281	-85.798497	31169.0						2011-02-15T09:28:00	15	2	2011	5219426	5219426	HUMAN_OBSERVATION	iNaturalist	Observations	106787139		Thijs Valkenburg	2022-02-15T08:01:25	CC_BY_NC_4_0	Thijs Valkenburg	Thijs Valkenburg			2022-06-03T11:54:48.758Z	StillImage	COORDINATE_ROUNDED
3468772403	50c9509d-22c7-4a22-a47d-8c48425ef4a7	https://www.inaturalist.org/observations/104000943	Animalia	Chordata	Mammalia	Carnivora	Felidae	Puma	Puma concolor		SPECIES	Puma concolor (Linnaeus, 1771)	Puma concolor		CR		Puntarenas	PRESENT		28eb1a3f-1c15-4a95-931a-4af90ecb574d	9.342408	-83.941417	156.0						2021-12-30T19:07:28	30	12	2021	2435099	2435099	HUMAN_OBSERVATION	iNaturalist	Observations	104000943		julnavda	2021-12-31T01:10:32	CC_BY_NC_4_0	julnavda	julnavda			2022-06-03T10:57:21.648Z	StillImage	COORDINATE_ROUNDED
3466405123	50c9509d-22c7-4a22-a47d-8c48425ef4a7	https://www.inaturalist.org/observations/105998748	Animalia	Chordata	Mammalia	Carnivora	Felidae	Leopardus	Leopardus pardalis		SPECIES	Leopardus pardalis (Linnaeus, 1758)	Leopardus pardalis		CR		Alajuela	PRESENT		28eb1a3f-1c15-4a95-931a-4af90ecb574d	10.435938	-84.702904	31189.0						2022-02-01T15:38:33	1	2	2022	2434982	2434982	HUMAN_OBSERVATION	iNaturalist	Observations	105998748		lindseypetrie	2022-02-02T02:38:48	CC_BY_NC_4_0	lindseypetrie	lindseypetrie			2022-06-03T11:23:57.914Z	StillImage	COORDINATE_ROUNDED
3457185814	50c9509d-22c7-4a22-a47d-8c48425ef4a7	https://www.inaturalist.org/observations/103577318	Animalia	Chordata	Mammalia	Carnivora	Felidae	Puma	Puma concolor		SPECIES	Puma concolor (Linnaeus, 1771)	Puma concolor		CR		Puntarenas	PRESENT		28eb1a3f-1c15-4a95-931a-4af90ecb574d	8.631942	-83.728829	357.0						2021-12-21T03:30:19	21	12	2021	2435099	2435099	HUMAN_OBSERVATION	iNaturalist	Observations	103577318		Daniel Petersen	2021-12-24T14:41:16	CC_BY_NC_4_0	Daniel Petersen	Daniel Petersen			2022-06-03T11:27:42.527Z	StillImage	COORDINATE_ROUNDED
3456900832	50c9509d-22c7-4a22-a47d-8c48425ef4a7	https://www.inaturalist.org/observations/101957577	Animalia	Chordata	Mammalia	Carnivora	Felidae	Leopardus	Leopardus pardalis		SPECIES	Leopardus pardalis (Linnaeus, 1758)	Leopardus pardalis		CR		Alajuela	PRESENT		28eb1a3f-1c15-4a95-931a-4af90ecb574d	10.496224	-84.629044	31189.0						2021-11-08T18:18:02	8	11	2021	2434982	2434982	HUMAN_OBSERVATION	iNaturalist	Observations	101957577		Jeremy P.	2021-11-26T19:54:32	CC_BY_NC_4_0	Jeremy P.	Jeremy P.			2022-06-03T11:22:50.605Z	StillImage	COORDINATE_ROUNDED
3456465760	50c9509d-22c7-4a22-a47d-8c48425ef4a7	https://www.inaturalist.org/observations/102801040	Animalia	Chordata	Mammalia	Carnivora	Felidae	Leopardus	Leopardus pardalis		SPECIES	Leopardus pardalis (Linnaeus, 1758)	Leopardus pardalis		CR		Puntarenas	PRESENT		28eb1a3f-1c15-4a95-931a-4af90ecb574d	8.463965	-83.55179	16342.0						2021-12-06T13:27:29	6	12	2021	2434982	2434982	HUMAN_OBSERVATION	iNaturalist	Observations	102801040		thebirdsandthebees1	2021-12-10T04:31:28	CC_BY_NC_4_0	thebirdsandthebees1	thebirdsandthebees1			2022-06-03T11:28:58.827Z	StillImage	COORDINATE_ROUNDED
3455848354	50c9509d-22c7-4a22-a47d-8c48425ef4a7	https://www.inaturalist.org/observations/104732923	Animalia	Chordata	Mammalia	Carnivora	Felidae	Puma	Puma concolor		SPECIES	Puma concolor (Linnaeus, 1771)	Puma concolor		CR		Puntarenas	PRESENT		28eb1a3f-1c15-4a95-931a-4af90ecb574d	8.619177	-83.734288	59.0						2022-01-10T11:48:59	10	1	2022	2435099	2435099	HUMAN_OBSERVATION	iNaturalist	Observations	104732923		Lara Brenner	2022-01-11T00:12:49	CC_BY_NC_4_0	Lara Brenner	Lara Brenner			2022-06-03T10:58:03.020Z	StillImage	COORDINATE_ROUNDED
3455828560	50c9509d-22c7-4a22-a47d-8c48425ef4a7	https://www.inaturalist.org/observations/104572541	Animalia	Chordata	Mammalia	Carnivora	Felidae	Leopardus	Leopardus wiedii		SPECIES	Leopardus wiedii (Schinz, 1821)	Leopardus wiedii		CR		Guanacaste	PRESENT		28eb1a3f-1c15-4a95-931a-4af90ecb574d	10.302784	-84.621466	31199.0						2022-01-01T17:29:02	1	1	2022	2434950	2434950	HUMAN_OBSERVATION	iNaturalist	Observations	104572541		Jaime Marcelo Aranda Sánchez	2022-01-14T00:01:44	CC_BY_NC_4_0	Richard Joyce	Richard Joyce			2022-06-03T11:54:57.610Z	StillImage	COORDINATE_ROUNDED
3415601848	50c9509d-22c7-4a22-a47d-8c48425ef4a7	https://www.inaturalist.org/observations/101461498	Animalia	Chordata	Mammalia	Carnivora	Felidae	Puma	Puma concolor		SPECIES	Puma concolor (Linnaeus, 1771)	Puma concolor		CR		Puntarenas	PRESENT		28eb1a3f-1c15-4a95-931a-4af90ecb574d	10.295727	-84.80044	122.0						2021-09-06T18:53:00	6	9	2021	2435099	2435099	HUMAN_OBSERVATION	iNaturalist	Observations	101461498		Carlos Guindon	2021-11-19T13:12:49	CC_BY_NC_4_0	Carlos Guindon	Carlos Guindon			2022-06-03T10:57:57.967Z	StillImage	COORDINATE_ROUNDED
3407933977	50c9509d-22c7-4a22-a47d-8c48425ef4a7	https://www.inaturalist.org/observations/99982750	Animalia	Chordata	Mammalia	Carnivora	Felidae	Leopardus	Leopardus pardalis		SPECIES	Leopardus pardalis (Linnaeus, 1758)	Leopardus pardalis		CR		Puntarenas	PRESENT		28eb1a3f-1c15-4a95-931a-4af90ecb574d	8.395056	-83.336273							2021-11-01T08:55:25	1	11	2021	2434982	2434982	HUMAN_OBSERVATION	iNaturalist	Observations	99982750		Michelle Monge-Velazquez	2021-11-01T15:43:53	CC_BY_NC_4_0	Michelle Monge-Velazquez	Michelle Monge-Velazquez			2022-06-03T11:11:47.662Z	StillImage	
3398773166	50c9509d-22c7-4a22-a47d-8c48425ef4a7	https://www.inaturalist.org/observations/98443179	Animalia	Chordata	Mammalia	Carnivora	Felidae	Leopardus	Leopardus pardalis		SPECIES	Leopardus pardalis (Linnaeus, 1758)	Leopardus pardalis		CR		Guanacaste	PRESENT		28eb1a3f-1c15-4a95-931a-4af90ecb574d	10.859814	-85.610634							2021-10-16T17:06:39	16	10	2021	2434982	2434982	HUMAN_OBSERVATION	iNaturalist	Observations	98443179		Federico A. Chinchilla Romero	2021-10-17T01:16:02	CC_BY_NC_4_0	Federico A. Chinchilla Romero	Federico A. Chinchilla Romero			2022-06-03T11:28:43.005Z	StillImage	COORDINATE_ROUNDED
3384876373	50c9509d-22c7-4a22-a47d-8c48425ef4a7	https://www.inaturalist.org/observations/95292943	Animalia	Chordata	Mammalia	Carnivora	Felidae	Leopardus	Leopardus pardalis		SPECIES	Leopardus pardalis (Linnaeus, 1758)	Leopardus pardalis		CR		Puntarenas	PRESENT		28eb1a3f-1c15-4a95-931a-4af90ecb574d	8.673717	-83.475477	67382.0						2021-05-12T00:00:00	12	5	2021	2434982	2434982	HUMAN_OBSERVATION	iNaturalist	Observations	95292943		BioSur Foundation Costa Rica	2021-09-18T18:08:22	CC_BY_NC_4_0	BioSur Foundation Costa Rica	BioSur Foundation Costa Rica			2022-06-03T11:32:07.422Z	StillImage	
3384855618	50c9509d-22c7-4a22-a47d-8c48425ef4a7	https://www.inaturalist.org/observations/94495239	Animalia	Chordata	Mammalia	Carnivora	Felidae	Leopardus	Leopardus wiedii		SPECIES	Leopardus wiedii (Schinz, 1821)	Leopardus wiedii		CR		Puntarenas	PRESENT		28eb1a3f-1c15-4a95-931a-4af90ecb574d	10.385484	-84.923203	31199.0						2021-09-07T21:19:20	7	9	2021	2434950	2434950	HUMAN_OBSERVATION	iNaturalist	Observations	94495239		Carlos Guindon	2021-09-11T21:29:59	CC_BY_NC_4_0	Carlos Guindon	Carlos Guindon			2022-06-03T11:54:26.494Z	StillImage	COORDINATE_ROUNDED
3384734784	50c9509d-22c7-4a22-a47d-8c48425ef4a7	https://www.inaturalist.org/observations/95709022	Animalia	Chordata	Mammalia	Carnivora	Felidae	Leopardus	Leopardus pardalis		SPECIES	Leopardus pardalis (Linnaeus, 1758)	Leopardus pardalis		CR		Guanacaste	PRESENT		28eb1a3f-1c15-4a95-931a-4af90ecb574d	10.876837	-85.582998	99.0						2021-09-21T17:27:00	21	9	2021	2434982	2434982	HUMAN_OBSERVATION	iNaturalist	Observations	95709022		Michelle Monge-Velazquez	2021-09-21T23:29:33	CC_BY_NC_4_0	Michelle Monge-Velazquez	Michelle Monge-Velazquez			2022-06-03T11:35:07.097Z	StillImage	COORDINATE_ROUNDED
3384336600	50c9509d-22c7-4a22-a47d-8c48425ef4a7	https://www.inaturalist.org/observations/94494361	Animalia	Chordata	Mammalia	Carnivora	Felidae	Puma	Puma concolor		SPECIES	Puma concolor (Linnaeus, 1771)	Puma concolor		CR		Puntarenas	PRESENT		28eb1a3f-1c15-4a95-931a-4af90ecb574d	10.29174	-84.800993	1130.0						2021-09-06T18:53:16	6	9	2021	2435099	2435099	HUMAN_OBSERVATION	iNaturalist	Observations	94494361		Carlos Guindon	2021-09-11T21:24:12	CC_BY_NC_4_0	Carlos Guindon	Carlos Guindon			2022-06-03T11:30:21.682Z	StillImage	COORDINATE_ROUNDED
3337559907	50c9509d-22c7-4a22-a47d-8c48425ef4a7	https://www.inaturalist.org/observations/90794984	Animalia	Chordata	Mammalia	Carnivora	Felidae	Puma	Puma concolor		SPECIES	Puma concolor (Linnaeus, 1771)	Puma concolor		CR		Puntarenas	PRESENT		28eb1a3f-1c15-4a95-931a-4af90ecb574d	8.408661	-83.327498	9.0						2021-08-11T10:22:36	11	8	2021	2435099	2435099	HUMAN_OBSERVATION	iNaturalist	Observations	90794984		Marvin López M.	2021-08-11T17:02:57	CC_BY_NC_4_0	Marvin López M.	Marvin López M.			2022-06-03T11:30:27.877Z	StillImage	COORDINATE_ROUNDED
3333401669	50c9509d-22c7-4a22-a47d-8c48425ef4a7	https://www.inaturalist.org/observations/88270427	Animalia	Chordata	Mammalia	Carnivora	Felidae	Puma	Puma concolor		SPECIES	Puma concolor (Linnaeus, 1771)	Puma concolor		CR		Puntarenas	PRESENT		28eb1a3f-1c15-4a95-931a-4af90ecb574d	8.632044	-83.720297	9.0						2021-07-15T16:22:29	15	7	2021	2435099	2435099	HUMAN_OBSERVATION	iNaturalist	Observations	88270427		Tiziano Luka Pesci Rubilar	2021-07-23T17:52:04	CC_BY_NC_4_0	Rebeca Quirós	Rebeca Quirós			2022-06-03T11:53:41.688Z		COORDINATE_ROUNDED
3325502794	50c9509d-22c7-4a22-a47d-8c48425ef4a7	https://www.inaturalist.org/observations/85490861	Animalia	Chordata	Mammalia	Carnivora	Felidae	Leopardus	Leopardus pardalis		SPECIES	Leopardus pardalis (Linnaeus, 1758)	Leopardus pardalis		CR		Alajuela	PRESENT		28eb1a3f-1c15-4a95-931a-4af90ecb574d	10.715132	-85.007923	54.0						2021-07-01T19:28:25	1	7	2021	2434982	2434982	HUMAN_OBSERVATION	iNaturalist	Observations	85490861		Sofía Pastor Parajeles	2021-07-03T16:59:46	CC_BY_NC_4_0	Sofía Pastor Parajeles	Sofía Pastor Parajeles			2022-06-03T11:17:06.851Z	StillImage	COORDINATE_ROUNDED
3314547422	50c9509d-22c7-4a22-a47d-8c48425ef4a7	https://www.inaturalist.org/observations/84224884	Animalia	Chordata	Mammalia	Carnivora	Felidae	Leopardus	Leopardus pardalis		SPECIES	Leopardus pardalis (Linnaeus, 1758)	Leopardus pardalis		CR		Alajuela	PRESENT		28eb1a3f-1c15-4a95-931a-4af90ecb574d	10.70198	-84.996605	48.0						2021-06-23T10:55:00	23	6	2021	2434982	2434982	HUMAN_OBSERVATION	iNaturalist	Observations	84224884		Sofía Pastor Parajeles	2021-06-23T20:39:47	CC_BY_NC_4_0	Sofía Pastor Parajeles	Sofía Pastor Parajeles			2022-06-03T10:56:47.906Z	StillImage	
3307298689	50c9509d-22c7-4a22-a47d-8c48425ef4a7	https://www.inaturalist.org/observations/82810053	Animalia	Chordata	Mammalia	Carnivora	Felidae	Leopardus	Leopardus wiedii		SPECIES	Leopardus wiedii (Schinz, 1821)	Leopardus wiedii		CR		Alajuela	PRESENT		28eb1a3f-1c15-4a95-931a-4af90ecb574d	10.567064	-84.773261	31189.0						2015-12-05T14:41:42	5	12	2015	2434950	2434950	HUMAN_OBSERVATION	iNaturalist	Observations	82810053		David Garrigues	2021-06-13T09:10:50	CC_BY_NC_4_0	David Garrigues	David Garrigues			2022-06-03T10:56:47.557Z	StillImage	COORDINATE_ROUNDED
3307258068	50c9509d-22c7-4a22-a47d-8c48425ef4a7	https://www.inaturalist.org/observations/82809934	Animalia	Chordata	Mammalia	Carnivora	Felidae	Leopardus	Leopardus wiedii		SPECIES	Leopardus wiedii (Schinz, 1821)	Leopardus wiedii		CR		Alajuela	PRESENT		28eb1a3f-1c15-4a95-931a-4af90ecb574d	10.558868	-84.602177	31189.0						2015-12-05T00:00:00	5	12	2015	2434950	2434950	HUMAN_OBSERVATION	iNaturalist	Observations	82809934		David Garrigues	2021-06-13T09:09:32	CC_BY_NC_4_0	David Garrigues	David Garrigues			2022-06-03T11:30:13.587Z	StillImage	COORDINATE_ROUNDED
3302057398	50c9509d-22c7-4a22-a47d-8c48425ef4a7	https://www.inaturalist.org/observations/81502744	Animalia	Chordata	Mammalia	Carnivora	Felidae	Puma	Puma concolor		SPECIES	Puma concolor (Linnaeus, 1771)	Puma concolor		CR		Guanacaste	PRESENT		28eb1a3f-1c15-4a95-931a-4af90ecb574d	10.836068	-85.619334	67.0						2021-06-03T17:30:22	3	6	2021	2435099	2435099	HUMAN_OBSERVATION	iNaturalist	Observations	81502744		Michelle Monge-Velazquez	2021-06-04T00:10:47	CC_BY_NC_4_0	Michelle Monge-Velazquez	Michelle Monge-Velazquez			2022-06-03T11:11:28.014Z	StillImage	COORDINATE_ROUNDED
3301973250	50c9509d-22c7-4a22-a47d-8c48425ef4a7	https://www.inaturalist.org/observations/81200915	Animalia	Chordata	Mammalia	Carnivora	Felidae	Leopardus	Leopardus pardalis		SPECIES	Leopardus pardalis (Linnaeus, 1758)	Leopardus pardalis		CR		Puntarenas	PRESENT		28eb1a3f-1c15-4a95-931a-4af90ecb574d	9.747438	-85.217745	76.0						2021-06-01T11:45:30	1	6	2021	2434982	2434982	HUMAN_OBSERVATION	iNaturalist	Observations	81200915		Zak	2021-06-02T12:05:45	CC_BY_NC_4_0	jefferson_1	jefferson_1			2022-06-03T11:12:30.115Z	StillImage	COORDINATE_ROUNDED
3124895397	50c9509d-22c7-4a22-a47d-8c48425ef4a7	https://www.inaturalist.org/observations/80059056	Animalia	Chordata	Mammalia	Carnivora	Felidae	Leopardus	Leopardus pardalis		SPECIES	Leopardus pardalis (Linnaeus, 1758)	Leopardus pardalis		CR		Puntarenas	PRESENT		28eb1a3f-1c15-4a95-931a-4af90ecb574d	9.608214	-85.111102	456.0						2019-07-21T00:00:00	21	7	2019	2434982	2434982	HUMAN_OBSERVATION	iNaturalist	Observations	80059056		Alejandro Garza Garcia	2021-05-24T03:15:07	CC_BY_NC_4_0	Alejandro Garza Garcia	Alejandro Garza Garcia			2022-06-03T11:11:14.105Z	StillImage	COORDINATE_ROUNDED
3113421844	50c9509d-22c7-4a22-a47d-8c48425ef4a7	https://www.inaturalist.org/observations/78541978	Animalia	Chordata	Mammalia	Carnivora	Felidae	Leopardus	Leopardus pardalis		SPECIES	Leopardus pardalis (Linnaeus, 1758)	Leopardus pardalis		CR		Guanacaste	PRESENT		28eb1a3f-1c15-4a95-931a-4af90ecb574d	11.049293	-85.470129	1347.0						2021-05-12T07:37:27	12	5	2021	2434982	2434982	HUMAN_OBSERVATION	iNaturalist	Observations	78541978		Jairo Moya Vargas	2021-05-13T04:10:12	CC_BY_NC_4_0	Jairo Moya Vargas	Jairo Moya Vargas			2022-06-03T10:56:28.080Z	StillImage	COORDINATE_ROUNDED
3097275563	50c9509d-22c7-4a22-a47d-8c48425ef4a7	https://www.inaturalist.org/observations/73407648	Animalia	Chordata	Mammalia	Carnivora	Felidae	Puma	Puma concolor		SPECIES	Puma concolor (Linnaeus, 1771)	Puma concolor		CR		Alajuela	PRESENT		28eb1a3f-1c15-4a95-931a-4af90ecb574d	10.377738	-84.61128	2538.0						2021-04-04T12:15:00	4	4	2021	2435099	2435099	HUMAN_OBSERVATION	iNaturalist	Observations	73407648		Jaime Marcelo Aranda Sánchez	2021-04-09T22:42:23	CC_BY_NC_4_0	nubegris	nubegris			2022-06-03T11:31:57.017Z	StillImage	COORDINATE_ROUNDED
3079910798	50c9509d-22c7-4a22-a47d-8c48425ef4a7	https://www.inaturalist.org/observations/73053113	Animalia	Chordata	Mammalia	Carnivora	Felidae	Puma	Puma concolor		SPECIES	Puma concolor (Linnaeus, 1771)	Puma concolor		CR		Puntarenas	PRESENT		28eb1a3f-1c15-4a95-931a-4af90ecb574d	8.450145	-83.567897	164.0						2015-02-19T12:26:00	19	2	2015	2435099	2435099	HUMAN_OBSERVATION	iNaturalist	Observations	73053113		gernotkunz	2021-04-05T21:48:18	CC_BY_NC_4_0	gernotkunz	gernotkunz			2022-06-03T11:14:38.592Z		COORDINATE_ROUNDED
3079872785	50c9509d-22c7-4a22-a47d-8c48425ef4a7	https://www.inaturalist.org/observations/73053107	Animalia	Chordata	Mammalia	Carnivora	Felidae	Puma	Puma concolor		SPECIES	Puma concolor (Linnaeus, 1771)	Puma concolor		CR		Puntarenas	PRESENT		28eb1a3f-1c15-4a95-931a-4af90ecb574d	8.450145	-83.567897	164.0						2015-02-19T12:33:00	19	2	2015	2435099	2435099	HUMAN_OBSERVATION	iNaturalist	Observations	73053107		gernotkunz	2021-04-05T21:48:17	CC_BY_NC_4_0	gernotkunz	gernotkunz			2022-06-03T10:56:33.756Z		COORDINATE_ROUNDED
3067612232	50c9509d-22c7-4a22-a47d-8c48425ef4a7	https://www.inaturalist.org/observations/66718421	Animalia	Chordata	Mammalia	Carnivora	Felidae	Puma	Puma concolor		SPECIES	Puma concolor (Linnaeus, 1771)	Puma concolor		CR		Puntarenas	PRESENT		28eb1a3f-1c15-4a95-931a-4af90ecb574d	9.792021	-84.593712	1000.0						2015-06-26T10:05:00	26	6	2015	2435099	2435099	HUMAN_OBSERVATION	iNaturalist	Observations	66718421		J Mollenhauer	2020-12-18T01:09:50	CC_BY_NC_4_0	J Mollenhauer	J Mollenhauer			2022-06-03T11:53:44.395Z	StillImage	COORDINATE_ROUNDED
3039288467	50c9509d-22c7-4a22-a47d-8c48425ef4a7	https://www.inaturalist.org/observations/69073331	Animalia	Chordata	Mammalia	Carnivora	Felidae	Leopardus	Leopardus pardalis		SPECIES	Leopardus pardalis (Linnaeus, 1758)	Leopardus pardalis		CR		Limón	PRESENT		28eb1a3f-1c15-4a95-931a-4af90ecb574d	9.642406	-82.784176	89.0						2020-12-13T03:47:00	13	12	2020	2434982	2434982	HUMAN_OBSERVATION	iNaturalist	Observations	69073331		Nicholas Hess	2021-02-05T00:07:44	CC_BY_NC_4_0	Nicholas Hess	Nicholas Hess			2022-06-03T11:27:19.412Z	StillImage	COORDINATE_ROUNDED
3039284809	50c9509d-22c7-4a22-a47d-8c48425ef4a7	https://www.inaturalist.org/observations/69259740	Animalia	Chordata	Mammalia	Carnivora	Felidae	Puma	Puma yagouaroundi		SPECIES	Herpailurus yagouaroundi (É.Geoffroy Saint-Hilaire, 1803)	Herpailurus yagouaroundi		CR		Guanacaste	PRESENT		28eb1a3f-1c15-4a95-931a-4af90ecb574d	10.9438	-85.654791	3116.0						2021-02-05T17:04:00	5	2	2021	5787224	2435146	HUMAN_OBSERVATION	iNaturalist	Observations	69259740		Michelle Monge-Velazquez	2021-02-08T16:04:25	CC_BY_NC_4_0	Michelle Monge-Velazquez	Michelle Monge-Velazquez			2022-06-03T11:11:37.793Z	StillImage	COORDINATE_ROUNDED
3031788464	50c9509d-22c7-4a22-a47d-8c48425ef4a7	https://www.inaturalist.org/observations/68407088	Animalia	Chordata	Mammalia	Carnivora	Felidae	Leopardus	Leopardus wiedii		SPECIES	Leopardus wiedii (Schinz, 1821)	Leopardus wiedii		CR		Alajuela	PRESENT		28eb1a3f-1c15-4a95-931a-4af90ecb574d	10.512959	-84.683112	31189.0						2021-01-19T09:05:00	19	1	2021	2434950	2434950	HUMAN_OBSERVATION	iNaturalist	Observations	68407088		Arenal Observatory Lodge & Spa	2021-01-21T13:46:52	CC_BY_NC_4_0	Arenal Observatory Lodge & Spa	Arenal Observatory Lodge & Spa			2022-06-03T11:13:20.257Z	StillImage	COORDINATE_ROUNDED
3031700803	50c9509d-22c7-4a22-a47d-8c48425ef4a7	https://www.inaturalist.org/observations/68067200	Animalia	Chordata	Mammalia	Carnivora	Felidae	Puma	Puma concolor		SPECIES	Puma concolor (Linnaeus, 1771)	Puma concolor		CR		Puntarenas	PRESENT		28eb1a3f-1c15-4a95-931a-4af90ecb574d	8.642761	-83.664421	210.0						2021-01-10T19:51:00	10	1	2021	2435099	2435099	HUMAN_OBSERVATION	iNaturalist	Observations	68067200		Marian Paniagua	2021-01-14T20:04:58	CC_BY_NC_4_0	Marian Paniagua	Marian Paniagua			2022-06-03T10:56:07.471Z	StillImage	COORDINATE_ROUNDED
3017953823	50c9509d-22c7-4a22-a47d-8c48425ef4a7	https://www.inaturalist.org/observations/67487545	Animalia	Chordata	Mammalia	Carnivora	Felidae	Leopardus	Leopardus pardalis		SPECIES	Leopardus pardalis (Linnaeus, 1758)	Leopardus pardalis		CR		Puntarenas	PRESENT		28eb1a3f-1c15-4a95-931a-4af90ecb574d	8.478535	-83.597682	3.0						2021-01-02T06:42:09	2	1	2021	2434982	2434982	HUMAN_OBSERVATION	iNaturalist	Observations	67487545		Leo Arias	2021-01-03T00:41:22	CC0_1_0	Leo Arias	Leo Arias			2022-06-03T11:10:35.618Z	StillImage	COORDINATE_ROUNDED
3013979616	50c9509d-22c7-4a22-a47d-8c48425ef4a7	https://www.inaturalist.org/observations/67031177	Animalia	Chordata	Mammalia	Carnivora	Felidae	Puma	Puma yagouaroundi		SPECIES	Herpailurus yagouaroundi (É.Geoffroy Saint-Hilaire, 1803)	Herpailurus yagouaroundi		CR		Puntarenas	PRESENT		28eb1a3f-1c15-4a95-931a-4af90ecb574d	8.560866	-83.464355	27499.0						2020-12-19T00:00:00	19	12	2020	5787224	2435146	HUMAN_OBSERVATION	iNaturalist	Observations	67031177		Marian Paniagua	2020-12-25T03:25:34	CC_BY_NC_4_0	Marian Paniagua	Marian Paniagua			2022-06-03T10:56:15.063Z	StillImage	COORDINATE_ROUNDED
3008566753	50c9509d-22c7-4a22-a47d-8c48425ef4a7	https://www.inaturalist.org/observations/66811638	Animalia	Chordata	Mammalia	Carnivora	Felidae	Puma	Puma concolor		SPECIES	Puma concolor (Linnaeus, 1771)	Puma concolor		CR		Guanacaste	PRESENT		28eb1a3f-1c15-4a95-931a-4af90ecb574d	10.820738	-85.319701	441.0						2007-06-16T21:29:00	16	6	2007	2435099	2435099	HUMAN_OBSERVATION	iNaturalist	Observations	66811638		jayras	2020-12-20T05:44:17	CC_BY_NC_4_0	Pacho Gutierrez	Pacho Gutierrez			2022-06-03T10:56:16.438Z	StillImage	COORDINATE_ROUNDED
3008449314	50c9509d-22c7-4a22-a47d-8c48425ef4a7	https://www.inaturalist.org/observations/15270189	Animalia	Chordata	Mammalia	Carnivora	Felidae	Panthera	Panthera onca		SPECIES	Panthera onca (Linnaeus, 1758)	Panthera onca		CR		Heredia	PRESENT		28eb1a3f-1c15-4a95-931a-4af90ecb574d	10.416283	-84.181651	31189.0						2018-06-21T20:38:21	21	6	2018	5219426	5219426	HUMAN_OBSERVATION	iNaturalist	Observations	15270189		mike_cove	2018-08-09T20:10:35	CC0_1_0	mike_cove	mike_cove			2022-06-03T10:54:31.321Z		COORDINATE_ROUNDED
3008432782	50c9509d-22c7-4a22-a47d-8c48425ef4a7	https://www.inaturalist.org/observations/66836835	Animalia	Chordata	Mammalia	Carnivora	Felidae	Leopardus	Leopardus wiedii		SPECIES	Leopardus wiedii (Schinz, 1821)	Leopardus wiedii		CR		Alajuela	PRESENT		28eb1a3f-1c15-4a95-931a-4af90ecb574d	10.553958	-84.646114	31189.0						2009-01-04T15:01:00	4	1	2009	2434950	2434950	HUMAN_OBSERVATION	iNaturalist	Observations	66836835		Cory Gregory	2020-12-20T19:02:23	CC_BY_NC_4_0	Cory Gregory	Cory Gregory			2022-06-03T11:29:22.172Z	StillImage	COORDINATE_ROUNDED
3005249013	50c9509d-22c7-4a22-a47d-8c48425ef4a7	https://www.inaturalist.org/observations/66652641	Animalia	Chordata	Mammalia	Carnivora	Felidae	Leopardus	Leopardus wiedii		SPECIES	Leopardus wiedii (Schinz, 1821)	Leopardus wiedii		CR		Alajuela	PRESENT		28eb1a3f-1c15-4a95-931a-4af90ecb574d	10.104497	-84.25204	31208.0						2020-12-15T07:22:09	15	12	2020	2434950	2434950	HUMAN_OBSERVATION	iNaturalist	Observations	66652641		Jean Carlo Barrantes Rodríguez	2020-12-16T13:24:18	CC_BY_NC_4_0	Jean Carlo Barrantes Rodríguez	Jean Carlo Barrantes Rodríguez			2022-06-03T10:56:13.167Z	StillImage	COORDINATE_ROUNDED
2992845866	50c9509d-22c7-4a22-a47d-8c48425ef4a7	https://www.inaturalist.org/observations/65864190	Animalia	Chordata	Mammalia	Carnivora	Felidae	Leopardus	Leopardus pardalis		SPECIES	Leopardus pardalis (Linnaeus, 1758)	Leopardus pardalis		CR		Limón	PRESENT		28eb1a3f-1c15-4a95-931a-4af90ecb574d	10.121712	-83.553096	113.0						2020-11-29T21:27:48	29	11	2020	2434982	2434982	HUMAN_OBSERVATION	iNaturalist	Observations	65864190		caiman90	2020-11-30T10:21:25	CC_BY_NC_4_0	pantheracostarica	pantheracostarica			2022-06-03T10:56:08.774Z	StillImage	COORDINATE_ROUNDED
2988275338	50c9509d-22c7-4a22-a47d-8c48425ef4a7	https://www.inaturalist.org/observations/20330885	Animalia	Chordata	Mammalia	Carnivora	Felidae	Leopardus	Leopardus pardalis		SPECIES	Leopardus pardalis (Linnaeus, 1758)	Leopardus pardalis		CR		Limón	PRESENT		28eb1a3f-1c15-4a95-931a-4af90ecb574d	10.191534	-83.639285	132.0						2019-02-13T13:53:04	13	2	2019	2434982	2434982	HUMAN_OBSERVATION	iNaturalist	Observations	20330885		edwingomezmendez	2019-02-14T00:27:06	CC_BY_NC_4_0	edwingomezmendez	edwingomezmendez			2022-06-03T11:53:09.960Z	StillImage	COORDINATE_ROUNDED
2980958866	50c9509d-22c7-4a22-a47d-8c48425ef4a7	https://www.inaturalist.org/observations/63965620	Animalia	Chordata	Mammalia	Carnivora	Felidae	Leopardus	Leopardus pardalis		SPECIES	Leopardus pardalis (Linnaeus, 1758)	Leopardus pardalis		CR		Alajuela	PRESENT		28eb1a3f-1c15-4a95-931a-4af90ecb574d	10.607369	-84.973446	31179.0						2020-10-29T18:30:00	29	10	2020	2434982	2434982	HUMAN_OBSERVATION	iNaturalist	Observations	63965620		frogman44	2020-11-01T15:07:53	CC_BY_NC_4_0	frogman44	frogman44			2022-06-03T11:11:34.005Z	StillImage	COORDINATE_ROUNDED
2980835081	50c9509d-22c7-4a22-a47d-8c48425ef4a7	https://www.inaturalist.org/observations/64138339	Animalia	Chordata	Mammalia	Carnivora	Felidae	Leopardus	Leopardus wiedii		SPECIES	Leopardus wiedii (Schinz, 1821)	Leopardus wiedii		CR		Puntarenas	PRESENT		28eb1a3f-1c15-4a95-931a-4af90ecb574d	8.403131	-83.01437	31279.0						2016-04-17T03:39:00	17	4	2016	2434950	2434950	HUMAN_OBSERVATION	iNaturalist	Observations	64138339		f_fleming-ochoverde	2020-11-03T22:58:31	CC_BY_NC_4_0	f_fleming-ochoverde	f_fleming-ochoverde			2022-06-03T10:55:58.624Z	StillImage	COORDINATE_ROUNDED
2901698718	50c9509d-22c7-4a22-a47d-8c48425ef4a7	https://www.inaturalist.org/observations/62765597	Animalia	Chordata	Mammalia	Carnivora	Felidae	Puma	Puma yagouaroundi		SPECIES	Herpailurus yagouaroundi (É.Geoffroy Saint-Hilaire, 1803)	Herpailurus yagouaroundi		CR		Guanacaste	PRESENT		28eb1a3f-1c15-4a95-931a-4af90ecb574d	10.978781	-85.672184	1055.0						2020-05-14T17:11:00	14	5	2020	5787224	2435146	HUMAN_OBSERVATION	iNaturalist	Observations	62765597		Mari Murillo	2020-10-17T05:29:41	CC_BY_NC_4_0	Mari Murillo	Mari Murillo			2022-06-03T11:11:04.910Z	StillImage	COORDINATE_ROUNDED
2864895066	50c9509d-22c7-4a22-a47d-8c48425ef4a7	https://www.inaturalist.org/observations/59866711	Animalia	Chordata	Mammalia	Carnivora	Felidae	Puma	Puma concolor		SPECIES	Puma concolor (Linnaeus, 1771)	Puma concolor		CR		Heredia	PRESENT		28eb1a3f-1c15-4a95-931a-4af90ecb574d	10.301944	-84.034228	122.0						2012-08-24T07:46:00	24	8	2012	2435099	2435099	HUMAN_OBSERVATION	iNaturalist	Observations	59866711		Michele Chiacchio	2020-09-17T12:34:30	CC_BY_NC_4_0	dhfischer	dhfischer			2022-06-03T11:16:20.653Z	StillImage	COORDINATE_ROUNDED
2862312652	50c9509d-22c7-4a22-a47d-8c48425ef4a7	https://www.inaturalist.org/observations/58560024	Animalia	Chordata	Mammalia	Carnivora	Felidae	Puma	Puma concolor		SPECIES	Puma concolor (Linnaeus, 1771)	Puma concolor		CR		Puntarenas	PRESENT		28eb1a3f-1c15-4a95-931a-4af90ecb574d	8.406944	-83.339722							2020-08-29T07:08:50	29	8	2020	2435099	2435099	HUMAN_OBSERVATION	iNaturalist	Observations	58560024		jungleanor	2020-09-05T00:32:03	CC_BY_NC_4_0	jungleanor	jungleanor			2022-06-03T11:13:19.896Z	StillImage	COORDINATE_ROUNDED
2860227524	50c9509d-22c7-4a22-a47d-8c48425ef4a7	https://www.inaturalist.org/observations/58453135	Animalia	Chordata	Mammalia	Carnivora	Felidae	Puma	Puma yagouaroundi		SPECIES	Herpailurus yagouaroundi (É.Geoffroy Saint-Hilaire, 1803)	Herpailurus yagouaroundi		CR		Puntarenas	PRESENT		28eb1a3f-1c15-4a95-931a-4af90ecb574d	8.591587	-83.099855	222.0						2019-12-07T09:22:14	7	12	2019	5787224	2435146	HUMAN_OBSERVATION	iNaturalist	Observations	58453135		f_fleming-ochoverde	2020-09-03T21:27:32	CC_BY_NC_4_0	f_fleming-ochoverde	f_fleming-ochoverde			2022-06-03T10:55:55.744Z	StillImage	COORDINATE_ROUNDED
2860189171	50c9509d-22c7-4a22-a47d-8c48425ef4a7	https://www.inaturalist.org/observations/58257138	Animalia	Chordata	Mammalia	Carnivora	Felidae	Panthera	Panthera onca		SPECIES	Panthera onca (Linnaeus, 1758)	Panthera onca		CR		Puntarenas	PRESENT		28eb1a3f-1c15-4a95-931a-4af90ecb574d	8.446631	-83.458064	31279.0						2009-11-08T00:00:00	8	11	2009	5219426	5219426	HUMAN_OBSERVATION	iNaturalist	Observations	58257138		Kate Rothra Fleming	2020-09-01T16:56:35	CC_BY_NC_4_0	Kate Rothra Fleming	Kate Rothra Fleming			2022-06-03T10:56:06.167Z	StillImage	COORDINATE_ROUNDED
2859947785	50c9509d-22c7-4a22-a47d-8c48425ef4a7	https://www.inaturalist.org/observations/57970017	Animalia	Chordata	Mammalia	Carnivora	Felidae	Leopardus	Leopardus pardalis		SPECIES	Leopardus pardalis (Linnaeus, 1758)	Leopardus pardalis		CR		Puntarenas	PRESENT		28eb1a3f-1c15-4a95-931a-4af90ecb574d	8.593898	-83.102224	92.0						2020-01-26T09:17:36	26	1	2020	2434982	2434982	HUMAN_OBSERVATION	iNaturalist	Observations	57970017		f_fleming-ochoverde	2020-08-29T22:04:53	CC_BY_NC_4_0	f_fleming-ochoverde	f_fleming-ochoverde			2022-06-03T11:20:45.763Z	StillImage	COORDINATE_ROUNDED
2859946719	50c9509d-22c7-4a22-a47d-8c48425ef4a7	https://www.inaturalist.org/observations/57910792	Animalia	Chordata	Mammalia	Carnivora	Felidae	Puma	Puma concolor		SPECIES	Puma concolor (Linnaeus, 1771)	Puma concolor		CR		Puntarenas	PRESENT		28eb1a3f-1c15-4a95-931a-4af90ecb574d	8.64369	-83.148603	674.0						2017-01-13T20:17:53	13	1	2017	2435099	2435099	HUMAN_OBSERVATION	iNaturalist	Observations	57910792		f_fleming-ochoverde	2020-08-29T12:16:08	CC_BY_NC_4_0	f_fleming-ochoverde	f_fleming-ochoverde			2022-06-03T11:14:12.378Z	StillImage	COORDINATE_ROUNDED
2859916721	50c9509d-22c7-4a22-a47d-8c48425ef4a7	https://www.inaturalist.org/observations/57915507	Animalia	Chordata	Mammalia	Carnivora	Felidae	Leopardus	Leopardus pardalis		SPECIES	Leopardus pardalis (Linnaeus, 1758)	Leopardus pardalis		CR		Puntarenas	PRESENT		28eb1a3f-1c15-4a95-931a-4af90ecb574d	8.593413	-83.098572							2017-07-26T23:30:40	26	7	2017	2434982	2434982	HUMAN_OBSERVATION	iNaturalist	Observations	57915507		f_fleming-ochoverde	2020-08-29T13:27:33	CC_BY_NC_4_0	f_fleming-ochoverde	f_fleming-ochoverde			2022-06-03T11:34:02.454Z	StillImage	COORDINATE_ROUNDED
2851120457	50c9509d-22c7-4a22-a47d-8c48425ef4a7	https://www.inaturalist.org/observations/55512549	Animalia	Chordata	Mammalia	Carnivora	Felidae	Leopardus	Leopardus pardalis		SPECIES	Leopardus pardalis (Linnaeus, 1758)	Leopardus pardalis		CR		Puntarenas	PRESENT		28eb1a3f-1c15-4a95-931a-4af90ecb574d	8.40959	-83.32932							2020-02-28T12:38:00	28	2	2020	2434982	2434982	HUMAN_OBSERVATION	iNaturalist	Observations	55512549		Osa Conservation	2020-08-05T17:43:14	CC_BY_NC_4_0	Osa Conservation	Osa Conservation			2022-06-03T11:17:53.555Z	StillImage	
2850704382	50c9509d-22c7-4a22-a47d-8c48425ef4a7	https://www.inaturalist.org/observations/55513804	Animalia	Chordata	Mammalia	Carnivora	Felidae	Puma	Puma concolor		SPECIES	Puma concolor (Linnaeus, 1771)	Puma concolor		CR		Puntarenas	PRESENT		28eb1a3f-1c15-4a95-931a-4af90ecb574d	8.4068	-83.33003							2020-01-09T12:51:00	9	1	2020	2435099	2435099	HUMAN_OBSERVATION	iNaturalist	Observations	55513804		Osa Conservation	2020-08-05T17:52:37	CC_BY_NC_4_0	Osa Conservation	Osa Conservation			2022-06-03T10:55:53.196Z	StillImage	
2850700339	50c9509d-22c7-4a22-a47d-8c48425ef4a7	https://www.inaturalist.org/observations/55493722	Animalia	Chordata	Mammalia	Carnivora	Felidae	Panthera	Panthera onca		SPECIES	Panthera onca (Linnaeus, 1758)	Panthera onca		CR		Puntarenas	PRESENT		28eb1a3f-1c15-4a95-931a-4af90ecb574d	8.512211	-83.387481	31279.0						2020-03-14T09:43:00	14	3	2020	5219426	5219426	HUMAN_OBSERVATION	iNaturalist	Observations	55493722		Osa Conservation	2020-08-05T14:47:40	CC_BY_NC_4_0	Osa Conservation	Osa Conservation			2022-06-03T10:55:56.548Z	StillImage	COORDINATE_ROUNDED
2850691415	50c9509d-22c7-4a22-a47d-8c48425ef4a7	https://www.inaturalist.org/observations/55512027	Animalia	Chordata	Mammalia	Carnivora	Felidae	Puma	Puma concolor		SPECIES	Puma concolor (Linnaeus, 1771)	Puma concolor		CR		Puntarenas	PRESENT		28eb1a3f-1c15-4a95-931a-4af90ecb574d	8.40959	-83.32932							2020-03-24T12:37:00	24	3	2020	2435099	2435099	HUMAN_OBSERVATION	iNaturalist	Observations	55512027		Osa Conservation	2020-08-05T17:38:34	CC_BY_NC_4_0	Osa Conservation	Osa Conservation			2022-06-03T10:56:09.701Z	StillImage	
2843630845	8a863029-f435-446a-821e-275f4f641165	https://observation.org/observation/142323590	Animalia	Chordata	Mammalia	Carnivora	Felidae	Leopardus	Leopardus pardalis		SPECIES	Leopardus pardalis (Linnaeus, 1758)	Leopardus pardalis		CR	Costa Rica - Juan Castro Blanco NP		PRESENT	1	c8d737e0-2ff8-42e8-b8fc-6b805d26fc5f	10.2057	-84.3211	5.0						2017-07-16T00:00:00	16	7	2017	2434982	2434982	HUMAN_OBSERVATION		Observations	OBS.142323590				CC_BY_NC_4_0	Stichting Observation International				2022-04-26T11:59:25.490Z		OCCURRENCE_STATUS_INFERRED_FROM_INDIVIDUAL_COUNT
2843560275	8a863029-f435-446a-821e-275f4f641165	https://observation.org/observation/159906484	Animalia	Chordata	Mammalia	Carnivora	Felidae	Leopardus	Leopardus wiedii		SPECIES	Leopardus wiedii (Schinz, 1821)	Leopardus wiedii		CR	Costa Rica - Guanacaste		PRESENT	1	c8d737e0-2ff8-42e8-b8fc-6b805d26fc5f	9.877264	-85.540378	25.0						2018-07-13T00:00:00	13	7	2018	2434950	2434950	HUMAN_OBSERVATION		Observations	OBS.159906484				CC_BY_NC_4_0	Stichting Observation International				2022-04-26T11:59:35.610Z	StillImage	COORDINATE_ROUNDED;OCCURRENCE_STATUS_INFERRED_FROM_INDIVIDUAL_COUNT
2843027780	8a863029-f435-446a-821e-275f4f641165	https://observation.org/observation/185122028	Animalia	Chordata	Mammalia	Carnivora	Felidae	Puma	Puma concolor		SPECIES	Puma concolor (Linnaeus, 1771)	Puma concolor		CR	Costa Rica - Barva		PRESENT	1	c8d737e0-2ff8-42e8-b8fc-6b805d26fc5f	10.133582	-84.105661	61.0						2005-09-23T00:00:00	23	9	2005	2435099	2435099	HUMAN_OBSERVATION		Observations	OBS.185122028				CC_BY_NC_4_0	Stichting Observation International				2022-04-26T11:59:42.765Z	StillImage	COORDINATE_ROUNDED;OCCURRENCE_STATUS_INFERRED_FROM_INDIVIDUAL_COUNT
2840541344	8a863029-f435-446a-821e-275f4f641165	https://observation.org/observation/141587484	Animalia	Chordata	Mammalia	Carnivora	Felidae	Leopardus	Leopardus pardalis		SPECIES	Leopardus pardalis (Linnaeus, 1758)	Leopardus pardalis		CR	Costa Rica - Matina		PRESENT	1	c8d737e0-2ff8-42e8-b8fc-6b805d26fc5f	10.02	-83.36	1000.0						2017-06-30T00:00:00	30	6	2017	2434982	2434982	HUMAN_OBSERVATION		Observations	OBS.141587484				CC_BY_NC_4_0	Stichting Observation International				2022-04-26T11:59:25.082Z		OCCURRENCE_STATUS_INFERRED_FROM_INDIVIDUAL_COUNT
2840356240	8a863029-f435-446a-821e-275f4f641165	https://observation.org/observation/145528277	Animalia	Chordata	Mammalia	Carnivora	Felidae	Leopardus	Leopardus wiedii		SPECIES	Leopardus wiedii (Schinz, 1821)	Leopardus wiedii		CR	Costa Rica - Arenal NP		PRESENT	1	c8d737e0-2ff8-42e8-b8fc-6b805d26fc5f	10.4363	-84.7098	10.0						2017-10-25T00:00:00	25	10	2017	2434950	2434950	HUMAN_OBSERVATION		Observations	OBS.145528277				CC_BY_NC_4_0	Stichting Observation International				2022-04-26T11:59:26.481Z		OCCURRENCE_STATUS_INFERRED_FROM_INDIVIDUAL_COUNT
2840159806	8a863029-f435-446a-821e-275f4f641165	https://observation.org/observation/148370214	Animalia	Chordata	Mammalia	Carnivora	Felidae	Puma	Puma concolor		SPECIES	Puma concolor (Linnaeus, 1771)	Puma concolor		CR	Costa Rica - Corcovado NP		PRESENT	4	c8d737e0-2ff8-42e8-b8fc-6b805d26fc5f	8.560631	-83.585358	1000.0						2009-05-10T00:00:00	10	5	2009	2435099	2435099	HUMAN_OBSERVATION		Observations	OBS.148370214				CC_BY_NC_4_0	Stichting Observation International				2022-04-26T11:59:34.466Z	StillImage	COORDINATE_ROUNDED;OCCURRENCE_STATUS_INFERRED_FROM_INDIVIDUAL_COUNT
2839733223	8a863029-f435-446a-821e-275f4f641165	https://observation.org/observation/134106236	Animalia	Chordata	Mammalia	Carnivora	Felidae	Puma	Puma concolor		SPECIES	Puma concolor (Linnaeus, 1771)	Puma concolor		CR	Costa Rica - Corcovado NP		PRESENT	1	c8d737e0-2ff8-42e8-b8fc-6b805d26fc5f	8.454176	-83.575916	100.0						2017-01-16T00:00:00	16	1	2017	2435099	2435099	HUMAN_OBSERVATION		Observations	OBS.134106236				CC_BY_NC_4_0	Stichting Observation International				2022-04-26T11:59:22.191Z		COORDINATE_ROUNDED;OCCURRENCE_STATUS_INFERRED_FROM_INDIVIDUAL_COUNT
2839723183	8a863029-f435-446a-821e-275f4f641165	https://observation.org/observation/133210566	Animalia	Chordata	Mammalia	Carnivora	Felidae	Leopardus	Leopardus pardalis		SPECIES	Leopardus pardalis (Linnaeus, 1758)	Leopardus pardalis		CR	Costa Rica - Sarapiquí		PRESENT	1	c8d737e0-2ff8-42e8-b8fc-6b805d26fc5f	10.415315	-84.120659	10.0						2016-12-30T00:00:00	30	12	2016	2434982	2434982	HUMAN_OBSERVATION		Observations	OBS.133210566				CC_BY_NC_4_0	Stichting Observation International				2022-04-26T11:59:22.116Z		COORDINATE_ROUNDED;OCCURRENCE_STATUS_INFERRED_FROM_INDIVIDUAL_COUNT
2838312987	8a863029-f435-446a-821e-275f4f641165	https://observation.org/observation/182443802	Animalia	Chordata	Mammalia	Carnivora	Felidae	Puma	Puma concolor		SPECIES	Puma concolor (Linnaeus, 1771)	Puma concolor		CR	Costa Rica - Corcovado NP		PRESENT	1	c8d737e0-2ff8-42e8-b8fc-6b805d26fc5f	8.48	-83.59	1000.0						2010-03-10T00:00:00	10	3	2010	2435099	2435099	HUMAN_OBSERVATION		Observations	OBS.182443802				CC_BY_NC_4_0	Stichting Observation International				2022-04-26T11:59:43.471Z		OCCURRENCE_STATUS_INFERRED_FROM_INDIVIDUAL_COUNT
2836446170	8a863029-f435-446a-821e-275f4f641165	https://observation.org/observation/133417969	Animalia	Chordata	Mammalia	Carnivora	Felidae	Leopardus	Leopardus pardalis		SPECIES	Leopardus pardalis (Linnaeus, 1758)	Leopardus pardalis		CR	Costa Rica - Sarapiquí		PRESENT	1	c8d737e0-2ff8-42e8-b8fc-6b805d26fc5f	10.415686	-84.121242	10.0						2017-01-05T00:00:00	5	1	2017	2434982	2434982	HUMAN_OBSERVATION		Observations	OBS.133417969				CC_BY_NC_4_0	Stichting Observation International				2022-04-26T11:59:25.461Z		COORDINATE_ROUNDED;OCCURRENCE_STATUS_INFERRED_FROM_INDIVIDUAL_COUNT
2835995601	8a863029-f435-446a-821e-275f4f641165	https://observation.org/observation/99023899	Animalia	Chordata	Mammalia	Carnivora	Felidae	Leopardus	Leopardus wiedii		SPECIES	Leopardus wiedii (Schinz, 1821)	Leopardus wiedii		CR	Costa Rica - Arenal NP		PRESENT	1	c8d737e0-2ff8-42e8-b8fc-6b805d26fc5f	10.43814	-84.710676	10.0						2015-03-01T00:00:00	1	3	2015	2434950	2434950	HUMAN_OBSERVATION		Observations	OBS.99023899				CC_BY_NC_4_0	Stichting Observation International				2022-04-26T11:59:16.397Z	StillImage	COORDINATE_ROUNDED;OCCURRENCE_STATUS_INFERRED_FROM_INDIVIDUAL_COUNT
2832884406	8a863029-f435-446a-821e-275f4f641165	https://observation.org/observation/122398522	Animalia	Chordata	Mammalia	Carnivora	Felidae	Leopardus	Leopardus wiedii		SPECIES	Leopardus wiedii (Schinz, 1821)	Leopardus wiedii		CR	Costa Rica - Arenal NP		PRESENT	2	c8d737e0-2ff8-42e8-b8fc-6b805d26fc5f	10.4373	-84.7109	30.0						2016-08-12T00:00:00	12	8	2016	2434950	2434950	HUMAN_OBSERVATION		Observations	OBS.122398522				CC_BY_NC_4_0	Stichting Observation International				2022-04-26T12:00:17.143Z	StillImage	OCCURRENCE_STATUS_INFERRED_FROM_INDIVIDUAL_COUNT
2832235496	8a863029-f435-446a-821e-275f4f641165	https://observation.org/observation/61946730	Animalia	Chordata	Mammalia	Carnivora	Felidae	Puma	Puma concolor		SPECIES	Puma concolor (Linnaeus, 1771)	Puma concolor		CR	Costa Rica - Corcovado NP		PRESENT	3	c8d737e0-2ff8-42e8-b8fc-6b805d26fc5f	8.545378	-83.575868	999.0						2009-01-01T00:00:00	1	1	2009	2435099	2435099	HUMAN_OBSERVATION		Observations	OBS.61946730				CC_BY_NC_4_0	Stichting Observation International				2022-04-26T12:00:02.295Z	StillImage	COORDINATE_ROUNDED;OCCURRENCE_STATUS_INFERRED_FROM_INDIVIDUAL_COUNT
2826388402	50c9509d-22c7-4a22-a47d-8c48425ef4a7	https://www.inaturalist.org/observations/36886217	Animalia	Chordata	Mammalia	Carnivora	Felidae	Leopardus	Leopardus pardalis		SPECIES	Leopardus pardalis (Linnaeus, 1758)	Leopardus pardalis		CR		Puntarenas	PRESENT		28eb1a3f-1c15-4a95-931a-4af90ecb574d	8.661233	-83.138092	27.0						2019-12-19T07:35:35	19	12	2019	2434982	2434982	HUMAN_OBSERVATION	iNaturalist	Observations	36886217		Edward Bell	2019-12-23T16:57:35	CC_BY_4_0	Edward Bell	Edward Bell			2022-06-03T11:10:09.145Z	StillImage	COORDINATE_ROUNDED
2823149308	50c9509d-22c7-4a22-a47d-8c48425ef4a7	http://www.inaturalist.org/observations/3306476	Animalia	Chordata	Mammalia	Carnivora	Felidae	Puma	Puma concolor		SPECIES	Puma concolor (Linnaeus, 1771)	Puma concolor		CR		Heredia	PRESENT		28eb1a3f-1c15-4a95-931a-4af90ecb574d	10.423268	-84.02203	2441.0						2016-03-09T18:48:00	9	3	2016	2435099	2435099	HUMAN_OBSERVATION	iNaturalist	Observations	3306476		Eva Hedström	2016-05-26T15:45:06	CC_BY_NC_4_0	Eva Hedström	Eva Hedström			2022-06-03T10:54:14.158Z	StillImage	COORDINATE_ROUNDED
2814262924	50c9509d-22c7-4a22-a47d-8c48425ef4a7	https://www.inaturalist.org/observations/52226886	Animalia	Chordata	Mammalia	Carnivora	Felidae	Leopardus	Leopardus pardalis		SPECIES	Leopardus pardalis (Linnaeus, 1758)	Leopardus pardalis		CR		Puntarenas	PRESENT		28eb1a3f-1c15-4a95-931a-4af90ecb574d	10.304527	-84.811357	87.0						2020-07-06T16:47:00	6	7	2020	2434982	2434982	HUMAN_OBSERVATION	iNaturalist	Observations	52226886		Jaime Marcelo Aranda Sánchez	2020-07-07T15:25:45	CC_BY_NC_4_0	Francis Joyce	Francis Joyce			2022-06-03T10:55:43.836Z	StillImage	COORDINATE_ROUNDED
2813961216	50c9509d-22c7-4a22-a47d-8c48425ef4a7	https://www.inaturalist.org/observations/51847610	Animalia	Chordata	Mammalia	Carnivora	Felidae	Leopardus	Leopardus wiedii		SPECIES	Leopardus wiedii (Schinz, 1821)	Leopardus wiedii		CR		San José	PRESENT		28eb1a3f-1c15-4a95-931a-4af90ecb574d	9.960779	-84.167442	31218.0						2020-07-03T22:32:36	3	7	2020	2434950	2434950	HUMAN_OBSERVATION	iNaturalist	Observations	51847610		rehnberg	2020-07-09T04:08:32	CC_BY_NC_4_0	itzo	itzo			2022-06-03T10:55:40.428Z	StillImage	COORDINATE_ROUNDED
2802770349	50c9509d-22c7-4a22-a47d-8c48425ef4a7	https://www.inaturalist.org/observations/15255648	Animalia	Chordata	Mammalia	Carnivora	Felidae	Panthera	Panthera onca		SPECIES	Panthera onca (Linnaeus, 1758)	Panthera onca		CR		Limón	PRESENT		28eb1a3f-1c15-4a95-931a-4af90ecb574d	10.482056	-83.42066	31189.0						2016-01-29T00:00:00	29	1	2016	5219426	5219426	HUMAN_OBSERVATION	iNaturalist	Observations	15255648		James Telford	2018-08-09T07:22:08	CC_BY_4_0	James Telford	James Telford			2022-06-03T11:53:06.039Z		COORDINATE_ROUNDED
2634486926	50c9509d-22c7-4a22-a47d-8c48425ef4a7	https://www.inaturalist.org/observations/47519107	Animalia	Chordata	Mammalia	Carnivora	Felidae	Puma	Puma concolor		SPECIES	Puma concolor (Linnaeus, 1771)	Puma concolor		CR		Heredia	PRESENT		28eb1a3f-1c15-4a95-931a-4af90ecb574d	10.430623	-84.006971	210.0						2015-03-03T12:41:00	3	3	2015	2435099	2435099	HUMAN_OBSERVATION	iNaturalist	Observations	47519107		Hernani Fernandes	2020-05-27T15:42:49	CC_BY_NC_4_0	Hernani Fernandes	Hernani Fernandes			2022-06-03T11:53:45.897Z	StillImage	
2629043619	09d2da7b-4699-4e45-b0da-73c982660c98	urn:catalog:KU:KUM:60503:033b32d14ff28af6219f53d57e3ad82b	Animalia	Chordata	Mammalia	Carnivora	Felidae	Leopardus	Leopardus wiedii		SPECIES	Leopardus wiedii (Schinz, 1821)	Leopardus wiedii	(Schinz, 1821)	CR	FILADELFIA, 7 MI SW OF	Guanacaste	PRESENT	1	ff90b050-c256-11db-b71b-b8a03c50a862	10.3605	-85.6188			0.0	0.0	0.0	0.0	1954-03-12T00:00:00	12	3	1954	2434950	2434950	PRESERVED_SPECIMEN	KU	KUM	60503		NO DISPONIBLE		CC_BY_4_0	Comisión Nacional para el Conocimiento y Uso de la Biodiversidad (CONABIO)	NO DISPONIBLE			2022-04-25T15:44:29.677Z		TYPE_STATUS_INVALID;OCCURRENCE_STATUS_INFERRED_FROM_INDIVIDUAL_COUNT;DIFFERENT_OWNER_INSTITUTION
2629043565	09d2da7b-4699-4e45-b0da-73c982660c98	urn:catalog:LSU:LSU:10219:feb7f14dd8b4d8bf046f7f7beb6b000d	Animalia	Chordata	Mammalia	Carnivora	Felidae	Leopardus	Leopardus pardalis		SPECIES	Leopardus pardalis (Linnaeus, 1758)	Leopardus pardalis	(Linnaeus, 1758)	CR	14 km NE Potrero Grande	Puntarenas	PRESENT	1	ff90b050-c256-11db-b71b-b8a03c50a862	9.1062	-83.0933			0.0	0.0	0.0	0.0	1965-06-28T00:00:00	28	6	1965	2434982	2434982	PRESERVED_SPECIMEN	LSU	LSU	10219		NO DISPONIBLE		CC_BY_4_0	Comisión Nacional para el Conocimiento y Uso de la Biodiversidad (CONABIO)	Arnold, Keith A.			2022-04-25T15:44:29.497Z		TYPE_STATUS_INVALID;OCCURRENCE_STATUS_INFERRED_FROM_INDIVIDUAL_COUNT;DIFFERENT_OWNER_INSTITUTION
2629043484	09d2da7b-4699-4e45-b0da-73c982660c98	urn:catalog:KU:KUM:145971:08353198cc55c65471bf4177ee409026	Animalia	Chordata	Mammalia	Carnivora	Felidae	Panthera	Panthera onca	centralis	SUBSPECIES	Panthera onca centralis (Mearns, 1901)	Panthera onca subsp. centralis	(Mearns, 1901)	CR	DELICIAS DE UPALA, 2 KM N OF	Alajuela	PRESENT	1	ff90b050-c256-11db-b71b-b8a03c50a862	10.9197	-85.0146			0.0	0.0	0.0	0.0	1993-06-10T00:00:00	10	6	1993	5219432	5219426	PRESERVED_SPECIMEN	KU	KUM	145971		Consuelo Lorenzo & Jorge Bolaños		CC_BY_4_0	Comisión Nacional para el Conocimiento y Uso de la Biodiversidad (CONABIO)	NO DISPONIBLE			2022-04-25T15:44:29.312Z		TYPE_STATUS_INVALID;OCCURRENCE_STATUS_INFERRED_FROM_INDIVIDUAL_COUNT;DIFFERENT_OWNER_INSTITUTION
2619893715	50c9509d-22c7-4a22-a47d-8c48425ef4a7	https://www.inaturalist.org/observations/44446066	Animalia	Chordata	Mammalia	Carnivora	Felidae	Puma	Puma concolor		SPECIES	Puma concolor (Linnaeus, 1771)	Puma concolor		CR		Puntarenas	PRESENT		28eb1a3f-1c15-4a95-931a-4af90ecb574d	8.449956	-83.495966	722.0						2017-03-05T08:44:00	5	3	2017	2435099	2435099	HUMAN_OBSERVATION	iNaturalist	Observations	44446066		johnmeikle	2020-05-01T04:55:55	CC_BY_NC_4_0	johnmeikle	johnmeikle			2022-06-03T11:28:59.626Z	StillImage	COORDINATE_ROUNDED
2597954154	50c9509d-22c7-4a22-a47d-8c48425ef4a7	https://www.inaturalist.org/observations/41802395	Animalia	Chordata	Mammalia	Carnivora	Felidae	Puma	Puma yagouaroundi		SPECIES	Herpailurus yagouaroundi (É.Geoffroy Saint-Hilaire, 1803)	Herpailurus yagouaroundi		CR		Puntarenas	PRESENT		28eb1a3f-1c15-4a95-931a-4af90ecb574d	9.389919	-84.139703	3032.0						2019-02-26T15:44:32	26	2	2019	5787224	2435146	HUMAN_OBSERVATION	iNaturalist	Observations	41802395		fishy_smell	2020-04-10T01:35:24	CC_BY_NC_4_0	fishy_smell	fishy_smell			2022-06-03T10:55:34.415Z	StillImage	COORDINATE_ROUNDED
2597698221	50c9509d-22c7-4a22-a47d-8c48425ef4a7	https://www.inaturalist.org/observations/41408095	Animalia	Chordata	Mammalia	Carnivora	Felidae	Leopardus	Leopardus pardalis		SPECIES	Leopardus pardalis (Linnaeus, 1758)	Leopardus pardalis		CR		Puntarenas	PRESENT		28eb1a3f-1c15-4a95-931a-4af90ecb574d	8.268703	-83.217148	31287.0						2020-02-04T02:19:00	4	2	2020	2434982	2434982	HUMAN_OBSERVATION	iNaturalist	Observations	41408095		C Hewitt	2020-04-05T03:28:19	CC_BY_4_0	Rob Foster	Rob Foster			2022-06-03T11:10:17.404Z	StillImage	COORDINATE_ROUNDED
2597694819	50c9509d-22c7-4a22-a47d-8c48425ef4a7	https://www.inaturalist.org/observations/37522283	Animalia	Chordata	Mammalia	Carnivora	Felidae	Puma	Puma concolor		SPECIES	Puma concolor (Linnaeus, 1771)	Puma concolor		CR		San José	PRESENT		28eb1a3f-1c15-4a95-931a-4af90ecb574d	9.52825	-83.876113	10.0						2020-01-08T09:52:42	8	1	2020	2435099	2435099	HUMAN_OBSERVATION	iNaturalist	Observations	37522283		Richard Joyce	2020-01-12T13:40:14	CC_BY_NC_4_0	Richard Joyce	Richard Joyce			2022-06-03T11:12:28.703Z	StillImage	COORDINATE_ROUNDED
2596273030	50c9509d-22c7-4a22-a47d-8c48425ef4a7	https://www.inaturalist.org/observations/40703376	Animalia	Chordata	Mammalia	Carnivora	Felidae	Leopardus	Leopardus pardalis		SPECIES	Leopardus pardalis (Linnaeus, 1758)	Leopardus pardalis		CR		Cartago	PRESENT		28eb1a3f-1c15-4a95-931a-4af90ecb574d	9.748917	-83.753428	212090.0						2020-03-10T17:57:00	10	3	2020	2434982	2434982	HUMAN_OBSERVATION	iNaturalist	Observations	40703376		kara_c	2020-03-25T18:01:15	CC_BY_NC_4_0	kara_c	kara_c			2022-06-03T11:10:53.903Z	StillImage	
2596051055	50c9509d-22c7-4a22-a47d-8c48425ef4a7	https://www.inaturalist.org/observations/39776517	Animalia	Chordata	Mammalia	Carnivora	Felidae	Puma	Puma concolor		SPECIES	Puma concolor (Linnaeus, 1771)	Puma concolor		CR		Alajuela	PRESENT		28eb1a3f-1c15-4a95-931a-4af90ecb574d	10.355167	-84.673167	44.0						2020-03-07T14:56:40	7	3	2020	2435099	2435099	HUMAN_OBSERVATION	iNaturalist	Observations	39776517		Marina Wittmann	2020-03-09T23:31:01	CC_BY_NC_4_0	Marina Wittmann	Marina Wittmann			2022-06-03T11:35:49.333Z	StillImage	COORDINATE_ROUNDED
2580243632	50c9509d-22c7-4a22-a47d-8c48425ef4a7	https://www.inaturalist.org/observations/40038793	Animalia	Chordata	Mammalia	Carnivora	Felidae	Puma	Puma concolor		SPECIES	Puma concolor (Linnaeus, 1771)	Puma concolor		CR		Puntarenas	PRESENT		28eb1a3f-1c15-4a95-931a-4af90ecb574d	8.710681	-83.272008	13471.0						2020-02-15T00:00:00	15	2	2020	2435099	2435099	HUMAN_OBSERVATION	iNaturalist	Observations	40038793		Michele Chiacchio	2020-03-15T20:31:43	CC_BY_NC_4_0	www.golfodulceretreat.com	www.golfodulceretreat.com			2022-06-03T11:33:16.044Z		
2579271424	50c9509d-22c7-4a22-a47d-8c48425ef4a7	https://www.inaturalist.org/observations/39819307	Animalia	Chordata	Mammalia	Carnivora	Felidae	Leopardus	Leopardus pardalis		SPECIES	Leopardus pardalis (Linnaeus, 1758)	Leopardus pardalis		CR		Limón	PRESENT		28eb1a3f-1c15-4a95-931a-4af90ecb574d	9.731756	-83.000376	10613.0						2020-03-02T15:49:11	2	3	2020	2434982	2434982	HUMAN_OBSERVATION	iNaturalist	Observations	39819307		mynahthreatt	2020-03-10T23:39:20	CC_BY_NC_4_0	mynahthreatt	mynahthreatt			2022-06-03T10:55:37.130Z	StillImage	COORDINATE_ROUNDED
2579252440	50c9509d-22c7-4a22-a47d-8c48425ef4a7	https://www.inaturalist.org/observations/39818884	Animalia	Chordata	Mammalia	Carnivora	Felidae	Puma	Puma concolor		SPECIES	Puma concolor (Linnaeus, 1771)	Puma concolor		CR		Puntarenas	PRESENT		28eb1a3f-1c15-4a95-931a-4af90ecb574d	8.557283	-83.628635	119166.0						2020-03-06T10:31:28	6	3	2020	2435099	2435099	HUMAN_OBSERVATION	iNaturalist	Observations	39818884		C Hewitt	2020-03-11T01:26:09	CC_BY_NC_4_0	mynahthreatt	mynahthreatt			2022-06-03T11:12:29.826Z	StillImage	COORDINATE_ROUNDED
2576254432	50c9509d-22c7-4a22-a47d-8c48425ef4a7	https://www.inaturalist.org/observations/39252528	Animalia	Chordata	Mammalia	Carnivora	Felidae	Leopardus	Leopardus pardalis		SPECIES	Leopardus pardalis (Linnaeus, 1758)	Leopardus pardalis		CR		Puntarenas	PRESENT		28eb1a3f-1c15-4a95-931a-4af90ecb574d	9.408119	-84.158926	263.0						2017-02-13T20:16:33	13	2	2017	2434982	2434982	HUMAN_OBSERVATION	iNaturalist	Observations	39252528		Tom Lawrence	2020-02-26T20:13:07	CC_BY_NC_4_0	Tom Lawrence	Tom Lawrence			2022-06-03T10:55:20.412Z	StillImage	COORDINATE_ROUNDED
2574081625	50c9509d-22c7-4a22-a47d-8c48425ef4a7	https://www.inaturalist.org/observations/38480214	Animalia	Chordata	Mammalia	Carnivora	Felidae	Puma	Puma concolor		SPECIES	Puma concolor (Linnaeus, 1771)	Puma concolor		CR		Guanacaste	PRESENT		28eb1a3f-1c15-4a95-931a-4af90ecb574d	10.329438	-84.80149	1000.0						2015-10-23T11:50:00	23	10	2015	2435099	2435099	HUMAN_OBSERVATION	iNaturalist	Observations	38480214		Claire O'Neill	2020-02-09T21:22:30	CC_BY_NC_4_0	Claire O'Neill	Claire O'Neill			2022-06-03T11:53:29.646Z	StillImage	
2574073883	50c9509d-22c7-4a22-a47d-8c48425ef4a7	https://www.inaturalist.org/observations/22251857	Animalia	Chordata	Mammalia	Carnivora	Felidae	Panthera	Panthera onca		SPECIES	Panthera onca (Linnaeus, 1758)	Panthera onca		CR		Guanacaste	PRESENT		28eb1a3f-1c15-4a95-931a-4af90ecb574d	10.651345	-85.614037	31179.0						2012-12-26T00:00:00	26	12	2012	5219426	5219426	HUMAN_OBSERVATION	iNaturalist	Observations	22251857		Michelle Monge-Velazquez	2019-04-09T20:02:21	CC_BY_NC_4_0	Michelle Monge-Velazquez	Michelle Monge-Velazquez			2022-06-03T10:54:42.952Z	StillImage	COORDINATE_ROUNDED
2574073231	50c9509d-22c7-4a22-a47d-8c48425ef4a7	https://www.inaturalist.org/observations/31417751	Animalia	Chordata	Mammalia	Carnivora	Felidae	Leopardus	Leopardus pardalis		SPECIES	Leopardus pardalis (Linnaeus, 1758)	Leopardus pardalis		CR		Guanacaste	PRESENT		28eb1a3f-1c15-4a95-931a-4af90ecb574d	10.902129	-85.601883							2019-08-24T08:49:01	24	8	2019	2434982	2434982	HUMAN_OBSERVATION	iNaturalist	Observations	31417751		Michelle Monge-Velazquez	2019-08-24T18:15:37	CC_BY_NC_4_0	Michelle Monge-Velazquez	Michelle Monge-Velazquez			2022-06-03T10:55:08.348Z	StillImage	COORDINATE_ROUNDED
2574046801	50c9509d-22c7-4a22-a47d-8c48425ef4a7	https://www.inaturalist.org/observations/38587822	Animalia	Chordata	Mammalia	Carnivora	Felidae	Puma	Puma concolor		SPECIES	Puma concolor (Linnaeus, 1771)	Puma concolor		CR		Puntarenas	PRESENT		28eb1a3f-1c15-4a95-931a-4af90ecb574d	8.620622	-83.731705	32.0						2020-01-26T11:57:13	26	1	2020	2435099	2435099	HUMAN_OBSERVATION	iNaturalist	Observations	38587822		Walter A. Sánchez	2020-02-13T00:30:23	CC_BY_NC_4_0	Walter A. Sánchez	Walter A. Sánchez			2022-06-03T10:55:24.464Z	StillImage	COORDINATE_ROUNDED
2574012181	50c9509d-22c7-4a22-a47d-8c48425ef4a7	https://www.inaturalist.org/observations/38720472	Animalia	Chordata	Mammalia	Carnivora	Felidae	Panthera	Panthera onca		SPECIES	Panthera onca (Linnaeus, 1758)	Panthera onca		CR		Limón	PRESENT		28eb1a3f-1c15-4a95-931a-4af90ecb574d	10.563141	-83.589544	31189.0						2020-01-27T12:02:00	27	1	2020	5219426	5219426	HUMAN_OBSERVATION	iNaturalist	Observations	38720472		Jaime Marcelo Aranda Sánchez	2020-02-16T19:27:24	CC_BY_NC_4_0	csillam	csillam			2022-06-03T10:55:13.426Z	StillImage	COORDINATE_ROUNDED
2573966776	50c9509d-22c7-4a22-a47d-8c48425ef4a7	https://www.inaturalist.org/observations/21683932	Animalia	Chordata	Mammalia	Carnivora	Felidae	Puma	Puma concolor		SPECIES	Puma concolor (Linnaeus, 1771)	Puma concolor		CR		Puntarenas	PRESENT		28eb1a3f-1c15-4a95-931a-4af90ecb574d	8.411309	-83.343176	176.0						2019-03-27T16:53:28	27	3	2019	2435099	2435099	HUMAN_OBSERVATION	iNaturalist	Observations	21683932		Michelle Monge-Velazquez	2019-03-28T01:07:04	CC_BY_NC_4_0	Michelle Monge-Velazquez	Michelle Monge-Velazquez			2022-06-03T10:54:48.607Z	StillImage	COORDINATE_ROUNDED
2573903209	50c9509d-22c7-4a22-a47d-8c48425ef4a7	https://www.inaturalist.org/observations/32979780	Animalia	Chordata	Mammalia	Carnivora	Felidae	Panthera	Panthera onca		SPECIES	Panthera onca (Linnaeus, 1758)	Panthera onca		CR		Guanacaste	PRESENT		28eb1a3f-1c15-4a95-931a-4af90ecb574d	10.843254	-85.594155	31169.0						2019-09-18T16:22:35	18	9	2019	5219426	5219426	HUMAN_OBSERVATION	iNaturalist	Observations	32979780		Michelle Monge-Velazquez	2019-09-18T22:36:42	CC_BY_NC_4_0	Michelle Monge-Velazquez	Michelle Monge-Velazquez			2022-06-03T11:32:22.460Z	StillImage	COORDINATE_ROUNDED
2563612768	50c9509d-22c7-4a22-a47d-8c48425ef4a7	https://www.inaturalist.org/observations/38015153	Animalia	Chordata	Mammalia	Carnivora	Felidae	Panthera	Panthera onca		SPECIES	Panthera onca (Linnaeus, 1758)	Panthera onca		CR		Limón	PRESENT		28eb1a3f-1c15-4a95-931a-4af90ecb574d	10.724513	-83.692092	31179.0						2019-10-08T22:07:00	8	10	2019	5219426	5219426	HUMAN_OBSERVATION	iNaturalist	Observations	38015153		Jaime Marcelo Aranda Sánchez	2020-01-27T15:10:58	CC_BY_NC_4_0	Reserva Privada Cerro Coronel	Reserva Privada Cerro Coronel			2022-06-03T11:13:41.708Z	StillImage	COORDINATE_ROUNDED
2550030684	50c9509d-22c7-4a22-a47d-8c48425ef4a7	https://www.inaturalist.org/observations/37224874	Animalia	Chordata	Mammalia	Carnivora	Felidae	Leopardus	Leopardus pardalis		SPECIES	Leopardus pardalis (Linnaeus, 1758)	Leopardus pardalis		CR		Puntarenas	PRESENT		28eb1a3f-1c15-4a95-931a-4af90ecb574d	8.60676	-83.394968	31271.0						2019-12-30T07:44:00	30	12	2019	2434982	2434982	HUMAN_OBSERVATION	iNaturalist	Observations	37224874		www.golfodulceretreat.com	2020-01-03T13:45:42	CC_BY_NC_4_0	www.golfodulceretreat.com	www.golfodulceretreat.com			2022-06-03T11:53:24.848Z		COORDINATE_ROUNDED
2460085877	50c9509d-22c7-4a22-a47d-8c48425ef4a7	https://www.inaturalist.org/observations/35812470	Animalia	Chordata	Mammalia	Carnivora	Felidae	Panthera	Panthera onca		SPECIES	Panthera onca (Linnaeus, 1758)	Panthera onca		CR		Limón	PRESENT		28eb1a3f-1c15-4a95-931a-4af90ecb574d	10.523513	-83.45907	31189.0						2014-04-15T15:53:00	15	4	2014	5219426	5219426	HUMAN_OBSERVATION	iNaturalist	Observations	35812470		Michele Chiacchio	2019-11-18T09:50:23	CC_BY_NC_4_0	Michele Chiacchio	Michele Chiacchio			2022-06-03T11:20:58.378Z		COORDINATE_ROUNDED
2456503222	50c9509d-22c7-4a22-a47d-8c48425ef4a7	https://www.inaturalist.org/observations/30676666	Animalia	Chordata	Mammalia	Carnivora	Felidae	Leopardus	Leopardus tigrinus	oncilla	SUBSPECIES	Leopardus tigrinus oncilla (Thomas, 1903)	Leopardus tigrinus oncilla		CR		Puntarenas	PRESENT		28eb1a3f-1c15-4a95-931a-4af90ecb574d	8.946157	-82.794635	31262.0						2019-08-03T03:41:00	3	8	2019	6164564	2434930	HUMAN_OBSERVATION	iNaturalist	Observations	30676666		Matthew Inabinett	2021-05-11T13:57:47	CC_BY_NC_4_0	Gert Jan Verspui	Gert Jan Verspui			2022-06-03T10:55:03.520Z	StillImage	COORDINATE_ROUNDED
2447834230	50c9509d-22c7-4a22-a47d-8c48425ef4a7	https://www.inaturalist.org/observations/29727309	Animalia	Chordata	Mammalia	Carnivora	Felidae	Panthera	Panthera onca		SPECIES	Panthera onca (Linnaeus, 1758)	Panthera onca		CR		Limón	PRESENT		28eb1a3f-1c15-4a95-931a-4af90ecb574d	10.231784	-83.378839	31199.0						2013-05-23T09:06:00	23	5	2013	5219426	5219426	HUMAN_OBSERVATION	iNaturalist	Observations	29727309		John C.	2019-07-28T18:39:33	CC_BY_NC_4_0	John C.	John C.			2022-06-03T10:55:03.374Z	StillImage	COORDINATE_ROUNDED
2445138352	50c9509d-22c7-4a22-a47d-8c48425ef4a7	https://www.inaturalist.org/observations/34739134	Animalia	Chordata	Mammalia	Carnivora	Felidae	Leopardus	Leopardus pardalis		SPECIES	Leopardus pardalis (Linnaeus, 1758)	Leopardus pardalis		CR		Guanacaste	PRESENT		28eb1a3f-1c15-4a95-931a-4af90ecb574d	10.168423	-85.365781	1395.0						2019-10-18T22:12:00	18	10	2019	2434982	2434982	HUMAN_OBSERVATION	iNaturalist	Observations	34739134		Ramiro Pereira Garbero	2019-10-22T15:39:26	CC_BY_NC_4_0	Ramiro Pereira Garbero	Ramiro Pereira Garbero			2022-06-03T11:13:38.527Z	StillImage	COORDINATE_ROUNDED
2429513308	50c9509d-22c7-4a22-a47d-8c48425ef4a7	https://www.inaturalist.org/observations/34097557	Animalia	Chordata	Mammalia	Carnivora	Felidae	Panthera	Panthera onca		SPECIES	Panthera onca (Linnaeus, 1758)	Panthera onca		CR		Puntarenas	PRESENT		28eb1a3f-1c15-4a95-931a-4af90ecb574d	8.839019	-83.488668	31262.0						2015-10-06T15:52:00	6	10	2015	5219426	5219426	HUMAN_OBSERVATION	iNaturalist	Observations	34097557		Emmanuel Rodríguez Rojas	2019-10-09T01:30:34	CC_BY_NC_4_0	Emmanuel Rodríguez Rojas	Emmanuel Rodríguez Rojas			2022-06-03T11:21:53.643Z	StillImage	COORDINATE_ROUNDED
2429269579	50c9509d-22c7-4a22-a47d-8c48425ef4a7	https://www.inaturalist.org/observations/33477041	Animalia	Chordata	Mammalia	Carnivora	Felidae	Panthera	Panthera onca		SPECIES	Panthera onca (Linnaeus, 1758)	Panthera onca		CR		Limón	PRESENT		28eb1a3f-1c15-4a95-931a-4af90ecb574d	10.445335	-83.542163	31189.0						2011-06-22T17:02:00	22	6	2011	5219426	5219426	HUMAN_OBSERVATION	iNaturalist	Observations	33477041		benbarca	2019-09-27T13:33:02	CC_BY_NC_4_0	benbarca	benbarca			2022-06-03T10:55:17.878Z	StillImage	COORDINATE_ROUNDED
2423083340	50c9509d-22c7-4a22-a47d-8c48425ef4a7	https://www.inaturalist.org/observations/32777690	Animalia	Chordata	Mammalia	Carnivora	Felidae	Puma	Puma yagouaroundi		SPECIES	Herpailurus yagouaroundi (É.Geoffroy Saint-Hilaire, 1803)	Herpailurus yagouaroundi		CR		Alajuela	PRESENT		28eb1a3f-1c15-4a95-931a-4af90ecb574d	10.030406	-84.341278	178.0						2019-09-12T21:57:27	12	9	2019	5787224	2435146	HUMAN_OBSERVATION	iNaturalist	Observations	32777690		pantheracostarica	2019-09-15T17:48:44	CC_BY_NC_4_0	pantheracostarica	pantheracostarica			2022-06-03T11:33:16.937Z	StillImage	COORDINATE_ROUNDED
2350422827	50c9509d-22c7-4a22-a47d-8c48425ef4a7	https://www.inaturalist.org/observations/30786943	Animalia	Chordata	Mammalia	Carnivora	Felidae	Puma	Puma concolor		SPECIES	Puma concolor (Linnaeus, 1771)	Puma concolor		CR		San José	PRESENT		28eb1a3f-1c15-4a95-931a-4af90ecb574d	9.582887	-83.769932	31236.0						2017-07-20T12:26:52	20	7	2017	2435099	2435099	HUMAN_OBSERVATION	iNaturalist	Observations	30786943		wowsomany	2019-08-14T01:15:17	CC_BY_NC_4_0	wowsomany	wowsomany			2022-06-03T11:13:37.934Z	StillImage	COORDINATE_ROUNDED
2331965791	50c9509d-22c7-4a22-a47d-8c48425ef4a7	https://www.inaturalist.org/observations/30443205	Animalia	Chordata	Mammalia	Carnivora	Felidae	Puma	Puma concolor		SPECIES	Puma concolor (Linnaeus, 1771)	Puma concolor		CR		Guanacaste	PRESENT		28eb1a3f-1c15-4a95-931a-4af90ecb574d	9.868272	-85.26441	31.0						2018-02-16T09:01:00	16	2	2018	2435099	2435099	HUMAN_OBSERVATION	iNaturalist	Observations	30443205		Anthony Elizondo Hernandez	2019-08-08T20:04:34	CC_BY_NC_4_0	Anthony Elizondo Hernandez	Anthony Elizondo Hernandez			2022-06-03T11:14:09.795Z	StillImage	COORDINATE_ROUNDED
2331963320	50c9509d-22c7-4a22-a47d-8c48425ef4a7	https://www.inaturalist.org/observations/30430218	Animalia	Chordata	Mammalia	Carnivora	Felidae	Leopardus	Leopardus pardalis		SPECIES	Leopardus pardalis (Linnaeus, 1758)	Leopardus pardalis		CR		Guanacaste	PRESENT		28eb1a3f-1c15-4a95-931a-4af90ecb574d	9.862827	-85.269638	122.0						2019-07-18T10:46:00	18	7	2019	2434982	2434982	HUMAN_OBSERVATION	iNaturalist	Observations	30430218		Anthony Elizondo Hernandez	2019-08-08T16:20:14	CC_BY_NC_4_0	Anthony Elizondo Hernandez	Anthony Elizondo Hernandez			2022-06-03T11:53:28.092Z	StillImage	COORDINATE_ROUNDED
2329635235	6ac3f774-d9fb-4796-b3e9-92bf6c81c084		Animalia	Chordata	Mammalia	Carnivora	Felidae	Puma	Puma yagouaroundi		SPECIES	Puma yagouaroundi (É.Geoffroy Saint-Hilaire, 1803)	Puma yagouaroundi		CR	Ensenada Lodge (Costa Rica)		PRESENT		bb646dff-a905-4403-a49b-6d378c2cf0d9	10.138382	-85.040588	250.0						2012-05-03T00:00:00	3	5	2012	2435146	2435146	HUMAN_OBSERVATION	naturgucker	naturgucker	1996099988				CC_BY_4_0		1665984680			2022-04-27T06:18:39.760Z		COORDINATE_ROUNDED;GEODETIC_DATUM_ASSUMED_WGS84
2311354020	50c9509d-22c7-4a22-a47d-8c48425ef4a7	https://www.inaturalist.org/observations/29715565	Animalia	Chordata	Mammalia	Carnivora	Felidae	Panthera	Panthera onca		SPECIES	Panthera onca (Linnaeus, 1758)	Panthera onca		CR		Limón	PRESENT		28eb1a3f-1c15-4a95-931a-4af90ecb574d	10.485827	-83.548784	31189.0						2013-05-03T11:47:00	3	5	2013	5219426	5219426	HUMAN_OBSERVATION	iNaturalist	Observations	29715565		John C.	2019-07-28T16:06:00	CC_BY_NC_4_0	John C.	John C.			2022-06-03T10:54:59.786Z	StillImage	COORDINATE_ROUNDED
2311312381	50c9509d-22c7-4a22-a47d-8c48425ef4a7	https://www.inaturalist.org/observations/29549973	Animalia	Chordata	Mammalia	Carnivora	Felidae	Leopardus	Leopardus wiedii		SPECIES	Leopardus wiedii (Schinz, 1821)	Leopardus wiedii		CR		Alajuela	PRESENT		28eb1a3f-1c15-4a95-931a-4af90ecb574d	10.418732	-84.789956	31189.0						2016-10-19T21:53:00	19	10	2016	2434950	2434950	HUMAN_OBSERVATION	iNaturalist	Observations	29549973		leithallb	2019-07-26T01:59:27	CC_BY_NC_4_0	leithallb	leithallb			2022-06-03T10:54:59.465Z	StillImage	COORDINATE_ROUNDED
2294462745	50c9509d-22c7-4a22-a47d-8c48425ef4a7	https://www.inaturalist.org/observations/28697096	Animalia	Chordata	Mammalia	Carnivora	Felidae	Panthera	Panthera onca		SPECIES	Panthera onca (Linnaeus, 1758)	Panthera onca		CR		Limón	PRESENT		28eb1a3f-1c15-4a95-931a-4af90ecb574d	10.568895	-83.40461	31189.0						2013-04-05T09:33:00	5	4	2013	5219426	5219426	HUMAN_OBSERVATION	iNaturalist	Observations	28697096		John C.	2019-07-12T22:00:54	CC_BY_NC_4_0	John C.	John C.			2022-06-03T10:54:55.687Z	StillImage	COORDINATE_ROUNDED
2283155725	50c9509d-22c7-4a22-a47d-8c48425ef4a7	https://www.inaturalist.org/observations/28187955	Animalia	Chordata	Mammalia	Carnivora	Felidae	Leopardus	Leopardus pardalis		SPECIES	Leopardus pardalis (Linnaeus, 1758)	Leopardus pardalis		CR		Puntarenas	PRESENT		28eb1a3f-1c15-4a95-931a-4af90ecb574d	9.418565	-84.005141	31236.0						2019-07-03T04:19:00	3	7	2019	2434982	2434982	HUMAN_OBSERVATION	iNaturalist	Observations	28187955		Jim	2019-07-04T18:48:33	CC_BY_NC_4_0	Jim	Jim			2022-06-03T11:22:00.988Z	StillImage	COORDINATE_ROUNDED
2269271445	50c9509d-22c7-4a22-a47d-8c48425ef4a7	https://www.inaturalist.org/observations/27114924	Animalia	Chordata	Mammalia	Carnivora	Felidae	Puma	Puma concolor		SPECIES	Puma concolor (Linnaeus, 1771)	Puma concolor		CR		Alajuela	PRESENT		28eb1a3f-1c15-4a95-931a-4af90ecb574d	10.35192	-84.670325	17340.0						2019-06-16T09:55:39	16	6	2019	2435099	2435099	HUMAN_OBSERVATION	iNaturalist	Observations	27114924		jimdaniels	2019-06-17T12:29:52	CC_BY_NC_4_0	jimdaniels	jimdaniels			2022-06-03T11:34:52.298Z	StillImage	
2236857888	50c9509d-22c7-4a22-a47d-8c48425ef4a7	https://www.inaturalist.org/observations/22419536	Animalia	Chordata	Mammalia	Carnivora	Felidae	Panthera	Panthera onca		SPECIES	Panthera onca (Linnaeus, 1758)	Panthera onca		CR		Limón	PRESENT		28eb1a3f-1c15-4a95-931a-4af90ecb574d	10.50904	-83.536003	31189.0						2019-03-18T12:01:00	18	3	2019	5219426	5219426	HUMAN_OBSERVATION	iNaturalist	Observations	22419536		Lena Struwe	2019-04-13T17:26:49	CC_BY_NC_4_0	Lena Struwe	Lena Struwe			2022-06-03T11:16:31.065Z	StillImage	COORDINATE_ROUNDED
2236839669	50c9509d-22c7-4a22-a47d-8c48425ef4a7	https://www.inaturalist.org/observations/22353907	Animalia	Chordata	Mammalia	Carnivora	Felidae	Leopardus	Leopardus pardalis		SPECIES	Leopardus pardalis (Linnaeus, 1758)	Leopardus pardalis		CR		Puntarenas	PRESENT		28eb1a3f-1c15-4a95-931a-4af90ecb574d	8.409854	-83.337838	263.0						2019-04-11T16:54:34	11	4	2019	2434982	2434982	HUMAN_OBSERVATION	iNaturalist	Observations	22353907		Jo De Pauw	2019-04-12T01:56:33	CC_BY_NC_4_0	Jo De Pauw	Jo De Pauw			2022-06-03T10:54:41.645Z	StillImage	COORDINATE_ROUNDED
2028492000	50c9509d-22c7-4a22-a47d-8c48425ef4a7	https://www.inaturalist.org/observations/21380549	Animalia	Chordata	Mammalia	Carnivora	Felidae	Panthera	Panthera onca		SPECIES	Panthera onca (Linnaeus, 1758)	Panthera onca		CR		Limón	PRESENT		28eb1a3f-1c15-4a95-931a-4af90ecb574d	10.424067	-83.563265	31189.0						2009-03-31T14:32:00	31	3	2009	5219426	5219426	HUMAN_OBSERVATION	iNaturalist	Observations	21380549		Kevin Fistanic	2019-03-19T05:24:44	CC_BY_NC_4_0	Kevin Fistanic	Kevin Fistanic			2022-06-03T11:12:37.061Z	StillImage	COORDINATE_ROUNDED
2012983853	50c9509d-22c7-4a22-a47d-8c48425ef4a7	https://www.inaturalist.org/observations/20914807	Animalia	Chordata	Mammalia	Carnivora	Felidae	Leopardus	Leopardus wiedii		SPECIES	Leopardus wiedii (Schinz, 1821)	Leopardus wiedii		CR		Puntarenas	PRESENT		28eb1a3f-1c15-4a95-931a-4af90ecb574d	8.569859	-83.288809	31279.0						2019-02-23T13:34:00	23	2	2019	2434950	2434950	HUMAN_OBSERVATION	iNaturalist	Observations	20914807		Don Loarie	2019-03-03T17:33:02	CC_BY_4_0	Don Loarie	Don Loarie			2022-06-03T11:53:41.754Z	StillImage	COORDINATE_ROUNDED
2012955948	50c9509d-22c7-4a22-a47d-8c48425ef4a7	https://www.inaturalist.org/observations/20748656	Animalia	Chordata	Mammalia	Carnivora	Felidae	Puma	Puma concolor		SPECIES	Puma concolor (Linnaeus, 1771)	Puma concolor		CR		Puntarenas	PRESENT		28eb1a3f-1c15-4a95-931a-4af90ecb574d	8.391172	-83.325221	366.0						2017-03-20T00:00:00	20	3	2017	2435099	2435099	HUMAN_OBSERVATION	iNaturalist	Observations	20748656		Rob Foster	2019-02-25T04:49:29	CC_BY_4_0	Rob Foster	Rob Foster			2022-06-03T11:34:22.216Z	StillImage	COORDINATE_ROUNDED
2006061364	50c9509d-22c7-4a22-a47d-8c48425ef4a7	https://www.inaturalist.org/observations/20726582	Animalia	Chordata	Mammalia	Carnivora	Felidae	Leopardus	Leopardus wiedii		SPECIES	Leopardus wiedii (Schinz, 1821)	Leopardus wiedii		CR		Puntarenas	PRESENT		28eb1a3f-1c15-4a95-931a-4af90ecb574d	8.508516	-83.303423	31279.0						2019-02-23T15:34:54	23	2	2019	2434950	2434950	HUMAN_OBSERVATION	iNaturalist	Observations	20726582		Andrew Whitworth	2019-02-24T13:47:36	CC0_1_0	Scott Loarie	Scott Loarie			2022-06-03T11:23:49.544Z	StillImage	COORDINATE_ROUNDED
2005270330	50c9509d-22c7-4a22-a47d-8c48425ef4a7	https://www.inaturalist.org/observations/17841690	Animalia	Chordata	Mammalia	Carnivora	Felidae	Panthera	Panthera onca		SPECIES	Panthera onca (Linnaeus, 1758)	Panthera onca		CR		Guanacaste	PRESENT		28eb1a3f-1c15-4a95-931a-4af90ecb574d	10.947836	-85.64662	31169.0						2013-12-28T07:44:00	28	12	2013	5219426	5219426	HUMAN_OBSERVATION	iNaturalist	Observations	17841690		Federico A. Chinchilla Romero	2019-02-14T17:44:30	CC_BY_NC_4_0	Richard Joyce	Richard Joyce			2022-06-03T11:31:20.257Z	StillImage	COORDINATE_ROUNDED
1987329134	6d2cfc0a-9903-40b8-802b-403398218e4a	c15c6b62-a4e8-4685-8cc9-c59037fff61b	Animalia	Chordata	Mammalia	Carnivora	Felidae	Leopardus	Leopardus tigrinus	oncilla	SUBSPECIES	Leopardus tigrinus oncilla (Thomas, 1903)	Leopardus tigrinus oncilla		CR	EL COPEY DE DATA,6500FT		PRESENT		6ea87510-0561-11d8-b851-b8a03c50a862	9.65	-83.91667	0.35						1931-05-29T00:00:00	29	5	1931	6164564	2434930	PRESERVED_SPECIMEN	UMMZ	mammals	64041				CC_BY_NC_4_0		SMITH, A.		Native	2022-06-01T00:06:47.486Z		INSTITUTION_MATCH_FUZZY;INSTITUTION_COLLECTION_MISMATCH
1987309297	6d2cfc0a-9903-40b8-802b-403398218e4a	9ed9bf8a-61a5-4ecf-b134-1e43065a743f	Animalia	Chordata	Mammalia	Carnivora	Felidae	Puma	Puma yagouaroundi	panamensis	SUBSPECIES	Herpailurus yagouaroundi panamensis (J.A.Allen, 1904)	Herpailurus yagouaroundi panamensis		CR	EL MUNECO,RIO NAVARRO		PRESENT		6ea87510-0561-11d8-b851-b8a03c50a862	9.8	-83.91667	2.0						1933-01-18T00:00:00	18	1	1933	8687048	2435146	PRESERVED_SPECIMEN	UMMZ	mammals	67539				CC_BY_NC_4_0		SMITH, A.		Native	2022-06-01T00:06:52.691Z		INSTITUTION_MATCH_FUZZY;INSTITUTION_COLLECTION_MISMATCH
1978819696	50c9509d-22c7-4a22-a47d-8c48425ef4a7	https://www.inaturalist.org/observations/18856654	Animalia	Chordata	Mammalia	Carnivora	Felidae	Leopardus	Leopardus pardalis		SPECIES	Leopardus pardalis (Linnaeus, 1758)	Leopardus pardalis		CR		Puntarenas	PRESENT		28eb1a3f-1c15-4a95-931a-4af90ecb574d	8.526414	-83.561792	977.0						2012-01-19T07:42:00	19	1	2012	2434982	2434982	HUMAN_OBSERVATION	iNaturalist	Observations	18856654		Jaime Marcelo Aranda Sánchez	2018-12-22T23:38:14	CC_BY_NC_4_0	kibby	kibby			2022-06-03T11:30:46.699Z	StillImage	COORDINATE_ROUNDED
1978813545	50c9509d-22c7-4a22-a47d-8c48425ef4a7	https://www.inaturalist.org/observations/14071150	Animalia	Chordata	Mammalia	Carnivora	Felidae	Puma	Puma concolor		SPECIES	Puma concolor (Linnaeus, 1771)	Puma concolor		CR		Heredia	PRESENT		28eb1a3f-1c15-4a95-931a-4af90ecb574d	10.428271	-84.005649	194.0						2010-09-12T17:12:33	12	9	2010	2435099	2435099	HUMAN_OBSERVATION	iNaturalist	Observations	14071150		T. Flynn	2018-07-05T13:28:05	CC_BY_NC_4_0	T. Flynn	T. Flynn			2022-06-03T11:09:06.714Z		COORDINATE_ROUNDED
1950005896	50c9509d-22c7-4a22-a47d-8c48425ef4a7	https://www.inaturalist.org/observations/18924528	Animalia	Chordata	Mammalia	Carnivora	Felidae	Leopardus	Leopardus wiedii		SPECIES	Leopardus wiedii (Schinz, 1821)	Leopardus wiedii		CR		Puntarenas	PRESENT		28eb1a3f-1c15-4a95-931a-4af90ecb574d	10.357941	-84.994152	31199.0						2012-08-17T10:15:00	17	8	2012	2434950	2434950	HUMAN_OBSERVATION	iNaturalist	Observations	18924528		Francis Joyce	2018-12-09T20:10:53	CC_BY_NC_4_0	Francis Joyce	Francis Joyce			2022-06-03T11:53:36.238Z	StillImage	COORDINATE_ROUNDED
1913716101	50c9509d-22c7-4a22-a47d-8c48425ef4a7	http://www.inaturalist.org/observations/2670324	Animalia	Chordata	Mammalia	Carnivora	Felidae	Puma	Puma concolor		SPECIES	Puma concolor (Linnaeus, 1771)	Puma concolor		CR		Heredia	PRESENT		28eb1a3f-1c15-4a95-931a-4af90ecb574d	10.431345	-84.009919	903.0						2013-03-11T10:18:26	11	3	2013	2435099	2435099	HUMAN_OBSERVATION	iNaturalist	Observations	2670324		Andy Jones	2016-02-11T19:57:25	CC_BY_NC_4_0	Andy Jones	Andy Jones			2022-06-03T10:54:08.900Z	StillImage	
1913186281	50c9509d-22c7-4a22-a47d-8c48425ef4a7	https://www.inaturalist.org/observations/16423486	Animalia	Chordata	Mammalia	Carnivora	Felidae	Puma	Puma concolor		SPECIES	Puma concolor (Linnaeus, 1771)	Puma concolor		CR		Puntarenas	PRESENT		28eb1a3f-1c15-4a95-931a-4af90ecb574d	8.640454	-83.731718	210.0						2018-01-16T08:50:00	16	1	2018	2435099	2435099	HUMAN_OBSERVATION	iNaturalist	Observations	16423486		The Jaguar's Jungle	2018-09-11T17:51:23	CC_BY_NC_4_0	The Jaguar's Jungle	The Jaguar's Jungle			2022-06-03T11:53:35.376Z	StillImage	COORDINATE_ROUNDED
1913186276	50c9509d-22c7-4a22-a47d-8c48425ef4a7	https://www.inaturalist.org/observations/16423519	Animalia	Chordata	Mammalia	Carnivora	Felidae	Leopardus	Leopardus pardalis		SPECIES	Leopardus pardalis (Linnaeus, 1758)	Leopardus pardalis		CR		Puntarenas	PRESENT		28eb1a3f-1c15-4a95-931a-4af90ecb574d	8.640454	-83.731718	210.0						2017-01-28T08:51:00	28	1	2017	2434982	2434982	HUMAN_OBSERVATION	iNaturalist	Observations	16423519		The Jaguar's Jungle	2018-09-11T17:52:42	CC_BY_NC_4_0	The Jaguar's Jungle	The Jaguar's Jungle			2022-06-03T11:33:20.156Z	StillImage	COORDINATE_ROUNDED
1880666129	50c9509d-22c7-4a22-a47d-8c48425ef4a7	http://conabio.inaturalist.org/observations/480711	Animalia	Chordata	Mammalia	Carnivora	Felidae	Leopardus	Leopardus pardalis		SPECIES	Leopardus pardalis (Linnaeus, 1758)	Leopardus pardalis		CR		Alajuela	PRESENT		28eb1a3f-1c15-4a95-931a-4af90ecb574d	10.026743	-84.528603	31208.0						2013-12-06T00:00:00	6	12	2013	2434982	2434982	HUMAN_OBSERVATION	iNaturalist	Observations	480711		Richard Joyce	2017-04-24T02:28:48	CC_BY_NC_4_0	mirnasalas	mirnasalas			2022-06-03T11:21:16.250Z	StillImage	COORDINATE_ROUNDED
1880454580	50c9509d-22c7-4a22-a47d-8c48425ef4a7	https://www.inaturalist.org/observations/10364266	Animalia	Chordata	Mammalia	Carnivora	Felidae	Leopardus	Leopardus wiedii		SPECIES	Leopardus wiedii (Schinz, 1821)	Leopardus wiedii		CR		Alajuela	PRESENT		28eb1a3f-1c15-4a95-931a-4af90ecb574d	10.498146	-84.731919	31189.0						2008-12-25T09:54:00	25	12	2008	2434950	2434950	HUMAN_OBSERVATION	iNaturalist	Observations	10364266		Alex	2018-03-22T21:53:27	CC_BY_NC_4_0	Alex	Alex			2022-06-03T11:25:29.189Z	StillImage	COORDINATE_ROUNDED
1847410241	50c9509d-22c7-4a22-a47d-8c48425ef4a7	https://www.inaturalist.org/observations/10216439	Animalia	Chordata	Mammalia	Carnivora	Felidae	Puma	Puma concolor		SPECIES	Puma concolor (Linnaeus, 1771)	Puma concolor		CR		Puntarenas	PRESENT		28eb1a3f-1c15-4a95-931a-4af90ecb574d	8.546267	-83.557658	17161.0						2017-12-12T11:16:37	12	12	2017	2435099	2435099	HUMAN_OBSERVATION	iNaturalist	Observations	10216439		Lesli Lee	2018-03-13T06:36:14	CC_BY_NC_4_0	Lesli Lee	Lesli Lee			2022-06-03T11:14:54.496Z	StillImage	COORDINATE_ROUNDED
1836600030	50c9509d-22c7-4a22-a47d-8c48425ef4a7	https://www.inaturalist.org/observations/10147444	Animalia	Chordata	Mammalia	Carnivora	Felidae	Puma	Puma concolor	couguar	SUBSPECIES	Puma concolor couguar (Kerr, 1792)	Puma concolor couguar		CR		Puntarenas	PRESENT		28eb1a3f-1c15-4a95-931a-4af90ecb574d	8.480352	-83.589561							2012-08-03T12:59:00	3	8	2012	6164590	2435099	HUMAN_OBSERVATION	iNaturalist	Observations	10147444		gringocurt	2019-02-27T15:55:59	CC_BY_NC_4_0	gringocurt	gringocurt			2022-06-03T10:54:31.097Z		COORDINATE_ROUNDED
1836600000	50c9509d-22c7-4a22-a47d-8c48425ef4a7	https://www.inaturalist.org/observations/10147443	Animalia	Chordata	Mammalia	Carnivora	Felidae	Leopardus	Leopardus pardalis		SPECIES	Leopardus pardalis (Linnaeus, 1758)	Leopardus pardalis		CR		Puntarenas	PRESENT		28eb1a3f-1c15-4a95-931a-4af90ecb574d	8.693212	-83.683437							2011-09-27T11:27:00	27	9	2011	2434982	2434982	HUMAN_OBSERVATION	iNaturalist	Observations	10147443		gringocurt	2018-03-09T03:27:10	CC_BY_NC_4_0	gringocurt	gringocurt			2022-06-03T11:28:01.533Z		COORDINATE_ROUNDED
1806331329	50c9509d-22c7-4a22-a47d-8c48425ef4a7	https://www.inaturalist.org/observations/9149203	Animalia	Chordata	Mammalia	Carnivora	Felidae	Panthera	Panthera onca		SPECIES	Panthera onca (Linnaeus, 1758)	Panthera onca		CR		Puntarenas	PRESENT		28eb1a3f-1c15-4a95-931a-4af90ecb574d	8.657425	-83.339621	31271.0						2017-12-13T09:06:13	13	12	2017	5219426	5219426	HUMAN_OBSERVATION	iNaturalist	Observations	9149203		benwalton	2017-12-18T01:18:05	CC_BY_NC_4_0	benwalton	benwalton			2022-06-03T10:54:27.273Z	StillImage	COORDINATE_ROUNDED
1806323327	50c9509d-22c7-4a22-a47d-8c48425ef4a7	http://www.inaturalist.org/observations/4116862	Animalia	Chordata	Mammalia	Carnivora	Felidae	Panthera	Panthera onca		SPECIES	Panthera onca (Linnaeus, 1758)	Panthera onca		CR		Heredia	PRESENT		28eb1a3f-1c15-4a95-931a-4af90ecb574d	10.205651	-84.008126	31199.0						2009-03-16T15:06:00	16	3	2009	5219426	5219426	HUMAN_OBSERVATION	iNaturalist	Observations	4116862		Lauren Harter	2016-09-15T18:30:43	CC0_1_0	Lauren Harter	Lauren Harter			2022-06-03T11:52:57.542Z	StillImage	COORDINATE_ROUNDED
1802610864	50c9509d-22c7-4a22-a47d-8c48425ef4a7	http://www.inaturalist.org/observations/3868487	Animalia	Chordata	Mammalia	Carnivora	Felidae	Leopardus	Leopardus pardalis		SPECIES	Leopardus pardalis (Linnaeus, 1758)	Leopardus pardalis		CR		Heredia	PRESENT		28eb1a3f-1c15-4a95-931a-4af90ecb574d	10.402607	-84.107451	4.0						2016-07-16T21:19:00	16	7	2016	2434982	2434982	HUMAN_OBSERVATION	iNaturalist	Observations	3868487		clint_perkins	2016-08-12T17:53:50	CC_BY_NC_4_0	clint_perkins	clint_perkins			2022-06-03T10:54:09.634Z	StillImage	COORDINATE_ROUNDED
1563873476	4bfac3ea-8763-4f4b-a71a-76a6f5f243d3	MCZ:Cryo:3120	Animalia	Chordata	Mammalia	Carnivora	Felidae	Leopardus	Leopardus pardalis		SPECIES	Felis pardalis Linnaeus, 1758	Felis (Leopardus) pardalis Linnaeus, 1758	Linnaeus, 1758	CR	[no specific locality data]	Guanacaste	PRESENT	1	b4640710-8e03-11d8-b956-b8a03c50a862	10.5	-85.25	301.0						2002-01-03T00:00:00	3	1	2002	2434983	2434982	PRESERVED_SPECIMEN	MCZ	Cryo	3120	JMC  1640	Judith Marie Chupasko		CC_BY_NC_4_0	President and Fellows of Harvard College	Judith Marie Chupasko			2022-06-02T01:45:15.275Z		AMBIGUOUS_COLLECTION;INSTITUTION_MATCH_FUZZY
1562910976	50c9509d-22c7-4a22-a47d-8c48425ef4a7	https://www.inaturalist.org/observations/6139207	Animalia	Chordata	Mammalia	Carnivora	Felidae	Leopardus	Leopardus pardalis		SPECIES	Leopardus pardalis (Linnaeus, 1758)	Leopardus pardalis		CR		Puntarenas	PRESENT		28eb1a3f-1c15-4a95-931a-4af90ecb574d	9.25996	-83.865575	3.0						2017-05-08T08:02:43	8	5	2017	2434982	2434982	HUMAN_OBSERVATION	iNaturalist	Observations	6139207		roel de plecker	2017-05-08T14:05:05	CC_BY_NC_4_0	roel de plecker	roel de plecker			2022-06-03T11:52:58.872Z	StillImage	
1305160376	50c9509d-22c7-4a22-a47d-8c48425ef4a7	http://www.inaturalist.org/observations/3958138	Animalia	Chordata	Mammalia	Carnivora	Felidae	Leopardus	Leopardus pardalis		SPECIES	Leopardus pardalis (Linnaeus, 1758)	Leopardus pardalis		CR		Heredia	PRESENT		28eb1a3f-1c15-4a95-931a-4af90ecb574d	10.43067	-84.007645	676.0						2010-04-06T14:19:00	6	4	2010	2434982	2434982	HUMAN_OBSERVATION	iNaturalist	Observations	3958138		Matt Brady	2016-08-25T04:00:05	CC_BY_4_0	Matt Brady	Matt Brady			2022-06-03T11:53:25.398Z		
1291166642	50c9509d-22c7-4a22-a47d-8c48425ef4a7	http://www.inaturalist.org/observations/630251	Animalia	Chordata	Mammalia	Carnivora	Felidae	Leopardus	Leopardus pardalis		SPECIES	Leopardus pardalis (Linnaeus, 1758)	Leopardus pardalis		CR		Limón	PRESENT		28eb1a3f-1c15-4a95-931a-4af90ecb574d	9.631145	-82.820137							2014-04-18T10:41:46	18	4	2014	2434982	2434982	HUMAN_OBSERVATION	iNaturalist	Observations	630251		Esmeralda Arevalo Huezo	2014-04-18T17:05:51	CC_BY_NC_4_0	Esmeralda Arevalo Huezo	Esmeralda Arevalo Huezo			2022-06-03T11:22:07.352Z	StillImage	COORDINATE_ROUNDED
1291127695	50c9509d-22c7-4a22-a47d-8c48425ef4a7	http://www.inaturalist.org/observations/3684228	Animalia	Chordata	Mammalia	Carnivora	Felidae	Leopardus	Leopardus pardalis		SPECIES	Leopardus pardalis (Linnaeus, 1758)	Leopardus pardalis		CR		Heredia	PRESENT		28eb1a3f-1c15-4a95-931a-4af90ecb574d	10.430844	-84.023652	2064.0						2016-07-11T19:39:28	11	7	2016	2434982	2434982	HUMAN_OBSERVATION	iNaturalist	Observations	3684228		travelfardw	2016-07-15T23:45:31	CC_BY_NC_4_0	travelfardw	travelfardw			2022-06-03T10:54:14.434Z	StillImage	COORDINATE_ROUNDED
1145891889	0daed095-478a-4af6-abf5-18acb790fbb2	http://arctos.database.museum/guid/MVZ:Mamm:95051?seid=989250	Animalia	Chordata	Mammalia	Carnivora	Felidae	Leopardus	Leopardus pardalis	mearnsi	SUBSPECIES	Leopardus pardalis mearnsi (J.A.Allen, 1904)	Leopardus pardalis mearnsi		CR	vicinity of San Isidro del General	San Jose	PRESENT		8edbbde0-055e-11d8-b850-b8a03c50a862	9.383333	-83.699997	4598.0						1932-06-01T00:00:00	1	6	1932	6164576	2434982	PRESERVED_SPECIMEN	MVZ	Mamm	MVZ:Mamm:95051		Museum of Vertebrate Zoology, University of California, Berkeley	1999-01-27T00:00:00	CC0_1_0		Collector(s): Harvey E. Stork			2022-05-23T18:18:29.764Z		FOOTPRINT_WKT_INVALID;INSTITUTION_MATCH_FUZZY;COLLECTION_MATCH_FUZZY
1145891880	0daed095-478a-4af6-abf5-18acb790fbb2	http://arctos.database.museum/guid/MVZ:Mamm:95050?seid=1349381	Animalia	Chordata	Mammalia	Carnivora	Felidae	Leopardus	Leopardus pardalis	mearnsi	SUBSPECIES	Leopardus pardalis mearnsi (J.A.Allen, 1904)	Leopardus pardalis mearnsi		CR	vicinity of San Jose	San Jose	PRESENT		8edbbde0-055e-11d8-b850-b8a03c50a862	9.933333	-84.083336	5793.0						1932-01-01T00:00:00	1	1	1932	6164576	2434982	PRESERVED_SPECIMEN	MVZ	Mamm	MVZ:Mamm:95050		Museum of Vertebrate Zoology, University of California, Berkeley	1999-01-27T00:00:00	CC0_1_0		Collector(s): Harvey E. Stork			2022-05-23T18:18:22.440Z		FOOTPRINT_WKT_INVALID;INSTITUTION_MATCH_FUZZY;COLLECTION_MATCH_FUZZY
1122686047	832a5f06-f762-11e1-a439-00145eb45e9a	7A3D30BA-CB9B-4A8F-A36F-46149A467769	Animalia	Chordata	Mammalia	Carnivora	Felidae	Leopardus	Leopardus pardalis		SPECIES	Leopardus pardalis (Linnaeus, 1758)	Leopardus pardalis		CR	N/A	Limon	PRESENT		8483a1f0-1032-11db-ae00-b8a03c50a862	10.583333	-83.516667							1958-06-01T00:00:00		6	1958	2434982	2434982	PRESERVED_SPECIMEN	UF	Mammals	4644				CC_BY_NC_4_0		OGREN, L.			2022-06-01T04:01:36.582Z		COORDINATE_ROUNDED;GEODETIC_DATUM_ASSUMED_WGS84;RECORDED_DATE_INVALID;INSTITUTION_MATCH_FUZZY;COLLECTION_MATCH_FUZZY
1099959663	50c9509d-22c7-4a22-a47d-8c48425ef4a7	http://www.inaturalist.org/observations/1579688	Animalia	Chordata	Mammalia	Carnivora	Felidae	Leopardus	Leopardus wiedii		SPECIES	Leopardus wiedii (Schinz, 1821)	Leopardus wiedii		CR		Alajuela	PRESENT		28eb1a3f-1c15-4a95-931a-4af90ecb574d	10.426951	-84.711639	31189.0						2015-03-02T13:02:01	2	3	2015	2434950	2434950	HUMAN_OBSERVATION	iNaturalist	Observations	1579688		Paul Cools	2015-06-02T21:02:44	CC_BY_NC_4_0	Paul Cools	Paul Cools			2022-06-03T10:54:06.716Z	StillImage	COORDINATE_ROUNDED
1065425532	7a25f7aa-03fb-4322-aaeb-66719e1a9527	f8c4ccc9-c76f-4521-8c6d-29d2f53b0cde	Animalia	Chordata	Mammalia	Carnivora	Felidae	Leopardus	Leopardus pardalis		SPECIES	Leopardus pardalis (Linnaeus, 1758)	Leopardus pardalis	Linnaeus, 1758	CR	San Juan San Juan de Santa Cruz	Guanacaste Prov	PRESENT		493fe050-055d-11d8-b84f-b8a03c50a862	10.21667	-85.56667	3745.0						1963-04-30T00:00:00	30	4	1963	2434982	2434982	PRESERVED_SPECIMEN	LACM	Mammals	25127	0-1806			CC0_1_0		USACR		Native	2022-04-26T09:35:53.315Z		INSTITUTION_MATCH_FUZZY;COLLECTION_MATCH_FUZZY
1065409370	7a25f7aa-03fb-4322-aaeb-66719e1a9527	ce36f65e-ddc4-45d3-97c5-f234a98fc63a	Animalia	Chordata	Mammalia	Carnivora	Felidae	Puma	Puma concolor	costaricensis	SUBSPECIES	Puma concolor costaricensis (Merriam, 1901)	Puma concolor costaricensis	Merriam, 1901	CR	Port Parker/ Gulf of Santa Elena Port Parker	Guanacaste Prov	PRESENT		493fe050-055d-11d8-b84f-b8a03c50a862	10.988232998323078	-85.79492642051567	10225.0						1939-03-25T00:00:00	25	3	1939	6164624	2435099	PRESERVED_SPECIMEN	LACM	Mammals	20105				CC0_1_0		Ashcraft, G P		Native	2022-04-26T09:36:18.401Z		COORDINATE_REPROJECTED;INSTITUTION_MATCH_FUZZY;COLLECTION_MATCH_FUZZY
1065381796	7a25f7aa-03fb-4322-aaeb-66719e1a9527	852a18e6-31bb-4d4f-b469-22fbe870476f	Animalia	Chordata	Mammalia	Carnivora	Felidae	Puma	Puma concolor	costaricensis	SUBSPECIES	Puma concolor costaricensis (Merriam, 1901)	Puma concolor costaricensis	Merriam, 1901	CR	Rincon Rincon de Osa	Puntarenas Prov	PRESENT		493fe050-055d-11d8-b84f-b8a03c50a862	8.698648880615698	-83.48701751208856	1202.0						1970-08-05T00:00:00	5	8	1970	6164624	2435099	PRESERVED_SPECIMEN	LACM	Mammals	52600	AS 1957			CC0_1_0		Starrett, A		Native	2022-04-26T09:36:41.588Z		COORDINATE_REPROJECTED;INSTITUTION_MATCH_FUZZY;COLLECTION_MATCH_FUZZY
1065369705	7a25f7aa-03fb-4322-aaeb-66719e1a9527	655d8c87-8055-4ac6-a737-c87bb0c2e875	Animalia	Chordata	Mammalia	Carnivora	Felidae	Leopardus	Leopardus pardalis		SPECIES	Leopardus pardalis (Linnaeus, 1758)	Leopardus pardalis	Linnaeus, 1758	CR	Potrero Grande Potrero Grande, 25 km E	Puntarenas Prov	PRESENT		493fe050-055d-11d8-b84f-b8a03c50a862	9.01666	-82.95596	20102.0						1964-10-06T00:00:00	6	10	1964	2434982	2434982	PRESERVED_SPECIMEN	LACM	Mammals	26789	0-3500			CC0_1_0		USACR		Native	2022-04-26T09:35:47.351Z		INSTITUTION_MATCH_FUZZY;COLLECTION_MATCH_FUZZY
891041333	50c9509d-22c7-4a22-a47d-8c48425ef4a7	http://www.inaturalist.org/observations/519142	Animalia	Chordata	Mammalia	Carnivora	Felidae	Leopardus	Leopardus pardalis		SPECIES	Leopardus pardalis (Linnaeus, 1758)	Leopardus pardalis		CR		Limón	PRESENT		28eb1a3f-1c15-4a95-931a-4af90ecb574d	10.59504	-83.530469	704.0						2014-02-01T00:00:00	1	2	2014	2434982	2434982	HUMAN_OBSERVATION	iNaturalist	Observations	519142		canopalma	2014-02-03T15:52:21	CC_BY_NC_4_0	canopalma	canopalma			2022-06-03T11:53:22.397Z	StillImage	
865739381	5a659248-1f70-11e3-b2c5-00145eb45e9a		Animalia	Chordata	Mammalia	Carnivora	Felidae	Panthera	Panthera onca		SPECIES	Panthera onca (Linnaeus, 1758)	Panthera onca (Linné, 1758)		CR			PRESENT		23539a57-1347-4dd3-af2a-cf9478563baa	9.95	-84.0											5219426	5219426	PRESERVED_SPECIMEN	MHNG	Mammals housed at MHNG, Geneva	MHNG-MAM-859.042				CC_BY_NC_4_0		Ch. d’Eternod			2022-04-25T17:55:16.966Z		GEODETIC_DATUM_ASSUMED_WGS84;RECORDED_DATE_INVALID;COLLECTION_MATCH_NONE;INSTITUTION_MATCH_FUZZY
686473093	1d04e739-98a9-4e16-9970-8f8f3bf9e9e3	8f84e97e-1ed8-11e3-bfac-90b11c41863e	Animalia	Chordata	Mammalia	Carnivora	Felidae	Panthera	Panthera onca	centralis	SUBSPECIES	Panthera onca centralis (Mearns, 1901)	Panthera onca centralis		CR	DELICIAS DE UPALA, 2 KM N OF	Alajuela	PRESENT		b554c320-0560-11d8-b851-b8a03c50a862	10.96808	-85.05							1993-06-10T00:00:00	10	6	1993	5219432	5219426	PRESERVED_SPECIMEN	KU	KUM	145971				CC_BY_4_0		NONE			2022-05-06T15:17:12.176Z		COLLECTION_MATCH_FUZZY
686389681	1d04e739-98a9-4e16-9970-8f8f3bf9e9e3	8b908ce8-1ed8-11e3-bfac-90b11c41863e	Animalia	Chordata	Mammalia	Carnivora	Felidae	Leopardus	Leopardus wiedii	nicaraguae	SUBSPECIES	Leopardus wiedii nicaraguae (J.A.Allen, 1919)	Leopardus wiedii nicaraguae		CR	FILADELFIA, 7 MI SW OF	Guanacaste	PRESENT		b554c320-0560-11d8-b851-b8a03c50a862	10.370695775749924	-85.62434103903084							1954-03-12T00:00:00	12	3	1954	6164540	2434950	PRESERVED_SPECIMEN	KU	KUM	60503				CC_BY_4_0		WILLE A & DALY H V			2022-05-06T15:17:16.755Z		COORDINATE_REPROJECTED;COLLECTION_MATCH_FUZZY
476877127	4bfac3ea-8763-4f4b-a71a-76a6f5f243d3	MCZ:Mamm:5720	Animalia	Chordata	Mammalia	Carnivora	Felidae	Leopardus	Leopardus pardalis	mearnsi	SUBSPECIES	Felis pardalis mearnsi J.A.Allen, 1904	Felis pardalis mearnsi J. A. Allen, 1904	J. A. Allen, 1904	CR	Talamanca	Limón	PRESENT	1	b4640710-8e03-11d8-b956-b8a03c50a862	9.516038	-83.025032	53031.0						1839-01-01T00:00:00	1	1	1839	6164577	2434982	PRESERVED_SPECIMEN	MCZ	Mamm	5720		[no agent data]		CC_BY_NC_4_0	President and Fellows of Harvard College	William More Gabb			2022-06-02T01:46:56.317Z		INSTITUTION_MATCH_FUZZY;COLLECTION_MATCH_FUZZY
476861450	4bfac3ea-8763-4f4b-a71a-76a6f5f243d3	MCZ:Mamm:24005	Animalia	Chordata	Mammalia	Carnivora	Felidae	Leopardus	Leopardus pardalis	mearnsi	SUBSPECIES	Felis pardalis mearnsi J.A.Allen, 1904	Felis pardalis mearnsi J. A. Allen, 1904	J. A. Allen, 1904	CR	Turrialba	Cartago	PRESENT	1	b4640710-8e03-11d8-b956-b8a03c50a862	9.906384	-83.680715	1595.0						1928-01-01T00:00:00	1	1	1928	6164577	2434982	PRESERVED_SPECIMEN	MCZ	Mamm	24005		[no agent data]		CC_BY_NC_4_0	President and Fellows of Harvard College	Samuel Kress			2022-06-02T01:47:07.792Z		INSTITUTION_MATCH_FUZZY;COLLECTION_MATCH_FUZZY
476861446	4bfac3ea-8763-4f4b-a71a-76a6f5f243d3	MCZ:Mamm:5718	Animalia	Chordata	Mammalia	Carnivora	Felidae	Leopardus	Leopardus pardalis	mearnsi	SUBSPECIES	Felis pardalis mearnsi J.A.Allen, 1904	Felis pardalis mearnsi J. A. Allen, 1904	J. A. Allen, 1904	CR	Talamanca	Limón	PRESENT	1	b4640710-8e03-11d8-b956-b8a03c50a862	9.516038	-83.025032	53031.0						1839-01-01T00:00:00	1	1	1839	6164577	2434982	PRESERVED_SPECIMEN	MCZ	Mamm	5718		[no agent data]		CC_BY_NC_4_0	President and Fellows of Harvard College	William More Gabb			2022-06-02T01:46:56.058Z		INSTITUTION_MATCH_FUZZY;COLLECTION_MATCH_FUZZY
476861445	4bfac3ea-8763-4f4b-a71a-76a6f5f243d3	MCZ:Mamm:5717	Animalia	Chordata	Mammalia	Carnivora	Felidae	Leopardus	Leopardus pardalis	mearnsi	SUBSPECIES	Felis pardalis mearnsi J.A.Allen, 1904	Felis pardalis mearnsi J. A. Allen, 1904	J. A. Allen, 1904	CR	Talamanca	Limón	PRESENT	1	b4640710-8e03-11d8-b956-b8a03c50a862	9.516038	-83.025032	53031.0						1839-01-01T00:00:00	1	1	1839	6164577	2434982	PRESERVED_SPECIMEN	MCZ	Mamm	5717		[no agent data]		CC_BY_NC_4_0	President and Fellows of Harvard College	William More Gabb			2022-06-02T01:46:57.416Z		INSTITUTION_MATCH_FUZZY;COLLECTION_MATCH_FUZZY
476859057	4bfac3ea-8763-4f4b-a71a-76a6f5f243d3	MCZ:Mamm:24004	Animalia	Chordata	Mammalia	Carnivora	Felidae	Leopardus	Leopardus pardalis	mearnsi	SUBSPECIES	Felis pardalis mearnsi J.A.Allen, 1904	Felis pardalis mearnsi J. A. Allen, 1904	J. A. Allen, 1904	CR	Turrialba	Cartago	PRESENT	1	b4640710-8e03-11d8-b956-b8a03c50a862	9.906384	-83.680715	1595.0						1928-01-01T00:00:00	1	1	1928	6164577	2434982	PRESERVED_SPECIMEN	MCZ	Mamm	24004		[no agent data]		CC_BY_NC_4_0	President and Fellows of Harvard College	Samuel Kress			2022-06-02T01:44:15.019Z		INSTITUTION_MATCH_FUZZY;COLLECTION_MATCH_FUZZY
476843830	4bfac3ea-8763-4f4b-a71a-76a6f5f243d3	MCZ:Mamm:BOM-5359	Animalia	Chordata	Mammalia	Carnivora	Felidae	Leopardus	Leopardus pardalis	mearnsi	SUBSPECIES	Felis pardalis mearnsi J.A.Allen, 1904	Felis pardalis mearnsi J. A. Allen, 1904	J. A. Allen, 1904	CR	Talamanca	Limón	PRESENT	1	b4640710-8e03-11d8-b956-b8a03c50a862	9.516038	-83.025032	53031.0						1839-01-01T00:00:00	1	1	1839	6164577	2434982	PRESERVED_SPECIMEN	MCZ	Mamm	BOM-5359		[no agent data]		CC_BY_NC_4_0	President and Fellows of Harvard College	W. M. Gebb			2022-06-02T01:46:25.064Z		INSTITUTION_MATCH_FUZZY;COLLECTION_MATCH_FUZZY
476843829	4bfac3ea-8763-4f4b-a71a-76a6f5f243d3	MCZ:Mamm:BOM-5358	Animalia	Chordata	Mammalia	Carnivora	Felidae	Leopardus	Leopardus wiedii	nicaraguae	SUBSPECIES	Felis wiedii nicaraguae (J.A.Allen, 1919)	Felis wiedii nicaraguae (J. A. Allen, 1919)	(J. A. Allen, 1919)	CR	Talamanca	Limón	PRESENT	1	b4640710-8e03-11d8-b956-b8a03c50a862	9.516038	-83.025032	53031.0						1839-01-01T00:00:00	1	1	1839	6164541	2434950	PRESERVED_SPECIMEN	MCZ	Mamm	BOM-5358		[no agent data]		CC_BY_NC_4_0	President and Fellows of Harvard College	William More Gabb			2022-06-02T01:46:32.557Z		INSTITUTION_MATCH_FUZZY;COLLECTION_MATCH_FUZZY
476813558	4bfac3ea-8763-4f4b-a71a-76a6f5f243d3	MCZ:Mamm:5719	Animalia	Chordata	Mammalia	Carnivora	Felidae	Leopardus	Leopardus pardalis	mearnsi	SUBSPECIES	Felis pardalis mearnsi J.A.Allen, 1904	Felis pardalis mearnsi J. A. Allen, 1904	J. A. Allen, 1904	CR	Talamanca	Limón	PRESENT	1	b4640710-8e03-11d8-b956-b8a03c50a862	9.516038	-83.025032	53031.0						1839-01-01T00:00:00	1	1	1839	6164577	2434982	PRESERVED_SPECIMEN	MCZ	Mamm	5719		[no agent data]		CC_BY_NC_4_0	President and Fellows of Harvard College	William More Gabb			2022-06-02T01:46:59.050Z		INSTITUTION_MATCH_FUZZY;COLLECTION_MATCH_FUZZY
439779436	7e2989f0-f762-11e1-a439-00145eb45e9a		Animalia	Chordata	Mammalia	Carnivora	Felidae	Puma	Puma concolor		SPECIES	Puma concolor (Linnaeus, 1771)	Puma concolor (Linnaeus, 1771)		CR	Cordillera de Talamanca, Chirripó-Massiv (Sabanna de los Leones)		PRESENT		33aecde5-7e13-4272-9cb7-f4f3b0eb820c	9.4333	-83.4667											2435099	2435099	PRESERVED_SPECIMEN	MNHM	MNHM-Zoology	W1992/001				CC_BY_4_0					2022-04-25T19:28:14.166Z	StillImage	GEODETIC_DATUM_ASSUMED_WGS84;RECORDED_DATE_INVALID;COLLECTION_MATCH_NONE;INSTITUTION_MATCH_FUZZY
45869665	847e2306-f762-11e1-a439-00145eb45e9a	urn:catalog:LSUMZ:Mammals:13378	Animalia	Chordata	Mammalia	Carnivora	Felidae	Leopardus	Leopardus tigrinus		SPECIES	Leopardus tigrinus (Schreber, 1775)	Leopardus tigrinus		CR	Ca. 4 km SW Cerro Chirripo	San José Province	PRESENT		c361e830-181e-11da-9544-b8a03c50a862	9.474	-83.526							1967-05-15T00:00:00	15	5	1967	2434930	2434930	PRESERVED_SPECIMEN	LSUMZ	Mammals	13378				CC0_1_0		Gardner, Alfred L.		Native	2022-04-25T21:51:19.264Z		INSTITUTION_COLLECTION_MISMATCH
45869664	847e2306-f762-11e1-a439-00145eb45e9a	urn:catalog:LSUMZ:Mammals:13377	Animalia	Chordata	Mammalia	Carnivora	Felidae	Leopardus	Leopardus tigrinus		SPECIES	Leopardus tigrinus (Schreber, 1775)	Leopardus tigrinus		CR	La Piedra	San José Province	PRESENT		c361e830-181e-11da-9544-b8a03c50a862	9.5	-83.667							1967-02-01T00:00:00	1	2	1967	2434930	2434930	PRESERVED_SPECIMEN	LSUMZ	Mammals	13377				CC0_1_0		Gardner, Alfred L.		Native	2022-04-25T21:51:19.264Z		INSTITUTION_COLLECTION_MISMATCH
45869301	847e2306-f762-11e1-a439-00145eb45e9a	urn:catalog:LSUMZ:Mammals:10219	Animalia	Chordata	Mammalia	Carnivora	Felidae	Leopardus	Leopardus pardalis		SPECIES	Leopardus pardalis (Linnaeus, 1758)	Leopardus pardalis		CR	14 km NE Potrero Grande	Puntarenas Province	PRESENT		c361e830-181e-11da-9544-b8a03c50a862	9.106	-83.093							1965-06-28T00:00:00	28	6	1965	2434982	2434982	PRESERVED_SPECIMEN	LSUMZ	Mammals	10219				CC0_1_0		Arnold, Keith A.		Native	2022-04-25T21:48:32.267Z		INSTITUTION_COLLECTION_MISMATCH
45869265	847e2306-f762-11e1-a439-00145eb45e9a	urn:catalog:LSUMZ:Mammals:9289	Animalia	Chordata	Mammalia	Carnivora	Felidae	Leopardus	Leopardus pardalis		SPECIES	Leopardus pardalis (Linnaeus, 1758)	Leopardus pardalis		CR	Gromaco, 15 km ESE Potrero Grande	Puntarenas Province	PRESENT		c361e830-181e-11da-9544-b8a03c50a862	8.965	-83.057							1963-02-03T00:00:00	3	2	1963	2434982	2434982	PRESERVED_SPECIMEN	LSUMZ	Mammals	9289				CC0_1_0				Native	2022-04-25T21:49:38.105Z		INSTITUTION_COLLECTION_MISMATCH
